B0024018.png,1
b0026002.png,1
b0026005.png,1
B0026044.png,1
B0026061.png,1
b0039011.png,1
b0039014.png,1
B0039034.png,1
B0039044.png,1
b0060005.png,1
b0060009.png,1
b0081009.png,1
b0081021.png,1
B0081052.png,1
b0132002.png,1
b0132021.png,1
B0132057.png,1
b0192005.png,1
b0192027.png,1
B0192037.png,1
B0192061.png,1
b0195014.png,1
B0195034.png,1
b0206009.png,1
b0231013.png,1
b0231014.png,1
B0231026.png,1
B0231054.png,1
B0292040.png,1
b0317002.png,1
b0317014.png,1
B0317044.png,1
B0317050.png,1
B0347033.png,1
b0406011.png,1
b0406012.png,1
B0406043.png,1
B0406058.png,1
B0418027.png,1
b0418058.png,1
b0442012.png,1
b0442022.png,1
b0474035.png,1
B0474041.png,1
b0476005.png,1
b0476020.png,1
B0476051.png,1
B0476054.png,1
b0530020.png,1
b0530026.png,1
B0530058.png,1
B0530061.png,1
b0763002.png,1
b0763012.png,1
B0763034.png,1
B0763044.png,1
b0791009.png,1
B0791042.png,1
B0791054.png,1
b0871012.png,1
B0871051.png,1
b0884012.png,1
B0916053.png,1
b0942014.png,1
b0942027.png,1
B0942049.png,1
B0942054.png,1
b0954011.png,1
b0975016.png,1
B0975052.png,1
b0993033.png,1
B1028013.png,1
b1069011.png,1
b1131011.png,1
b1131014.png,1
B1131044.png,1
B1131054.png,1
b1149012.png,1
B1149035.png,1
b1149038.png,1
B1149054.png,1
b1199002.png,1
b1199014.png,1
B1199054.png,1
B1199058.png,1
b1248019.png,1
b1248020.png,1
B1248043.png,1
B1248046.png,1
b1285002.png,1
b1285017.png,1
B1285025.png,1
B1285058.png,1
b1340002.png,1
b1340017.png,1
B1340034.png,1
B1340058.png,1
B1376038.png,1
B1406026.png,1
b1406043.png,1
b1493011.png,1
B1493016.png,1
B1493046.png,1
B1515028.png,1
b1515052.png,1
b1617002.png,1
b1617005.png,1
B1617058.png,1
B1617061.png,1
B1623010.png,1
b1623026.png,1
b1624014.png,1
b1624020.png,1
B1624061.png,1
b1734054.png,1
B1792028.png,1
b1792029.png,1
b1797030.png,1
B1797060.png,1
b1805019.png,1
B1805044.png,1
b1865004.png,1
b1878005.png,1
B1878030.png,1
b1912002.png,1
b1912005.png,1
B1912052.png,1
B1912053.png,1
b1913019.png,1
B1913044.png,1
b1959002.png,1
b1959005.png,1
B1959037.png,1
B1959061.png,1
b1962005.png,1
B1962035.png,1
b1962038.png,1
B1962054.png,1
b2017011.png,1
b2017014.png,1
B2017054.png,1
B2017058.png,1
b2053014.png,1
b2053027.png,1
B2053051.png,1
B2053054.png,1
b2087010.png,1
B2087053.png,1
B2122021.png,1
b2122027.png,1
b2141011.png,1
b2141033.png,1
B2141061.png,1
b2219012.png,1
b2219038.png,1
B2219054.png,1
B2219058.png,1
b2244002.png,1
b2244014.png,1
b2318012.png,1
B2318044.png,1
B2318052.png,1
B2344026.png,1
b2361011.png,1
b2361012.png,1
B2361051.png,1
B2361061.png,1
b2420002.png,1
b2420005.png,1
B2420025.png,1
B2420058.png,1
B2460039.png,1
b2460054.png,1
b2519002.png,1
b2519014.png,1
B2519054.png,1
B2519058.png,1
b2563002.png,1
b2563005.png,1
B2563034.png,1
B2563058.png,1
b2576002.png,1
b2576017.png,1
B2576025.png,1
B2576058.png,1
b2602002.png,1
b2602005.png,1
B2602058.png,1
B2602061.png,1
b2605002.png,1
B2605025.png,1
b2605026.png,1
B2605058.png,1
b2727002.png,1
b2727014.png,1
B2727042.png,1
B2727054.png,1
b2730002.png,1
B2730040.png,1
B2730054.png,1
b2779002.png,1
b2779005.png,1
B2779058.png,1
B2779061.png,1
b2837002.png,1
b2837012.png,1
B2837034.png,1
b2891014.png,1
b3002002.png,1
b3002005.png,1
B3002052.png,1
B3002058.png,1
b3061002.png,1
B3061058.png,1
B3061061.png,1
b3068018.png,1
B3068052.png,1
b3074002.png,1
b3074012.png,1
B3074037.png,1
B3074052.png,1
b3092002.png,1
B3092052.png,1
b3131002.png,1
b3131026.png,1
B3131049.png,1
B3131054.png,1
B3172044.png,1
b3174011.png,1
B3174027.png,1
b3174030.png,1
b3208028.png,1
B3208059.png,1
b3224002.png,1
b3224005.png,1
B3224058.png,1
B3224061.png,1
b3246011.png,1
b3246014.png,1
B3246023.png,1
b3253012.png,1
b3349012.png,1
b3349029.png,1
B3349044.png,1
b3374002.png,1
b3374021.png,1
B3374034.png,1
B3426051.png,1
b3465021.png,1
b3465034.png,1
B3465054.png,1
B3465058.png,1
b3498035.png,1
B3498052.png,1
B3498058.png,1
b3554020.png,1
b3573028.png,1
b3667021.png,1
B3732054.png,1
b3766002.png,1
b3766005.png,1
B3766058.png,1
B3766061.png,1
b3777002.png,1
b3777005.png,1
B3777058.png,1
B3777061.png,1
b3818011.png,1
B3818033.png,1
B3818050.png,1
b3820020.png,1
b3820026.png,1
B3820045.png,1
B3820049.png,1
b3889014.png,1
B3889044.png,1
B3889052.png,1
b3899002.png,1
b3899005.png,1
B3899044.png,1
B3899061.png,1
b3925027.png,1
B3938032.png,1
b3938051.png,1
B3941028.png,1
b3948002.png,1
b3948026.png,1
B3948034.png,1
B3948058.png,1
b3949012.png,1
b3967002.png,1
B3967061.png,1
b4030019.png,1
b4030020.png,1
B4030028.png,1
B4030061.png,1
b4092011.png,1
b4108021.png,1
B4108037.png,1
b4156011.png,1
B4156061.png,1
B4234012.png,1
b4234020.png,1
B4234052.png,1
b4279002.png,1
B4279039.png,1
B4279061.png,1
b4288011.png,1
B4288045.png,1
b4296014.png,1
b4296020.png,1
B4296044.png,1
B4296054.png,1
b4314010.png,1
B4314045.png,1
B4314049.png,1
b4323019.png,1
b4360002.png,1
b4360005.png,1
B4360058.png,1
B4360061.png,1
b4384014.png,1
b4458035.png,1
b4469002.png,1
b4469014.png,1
B4469040.png,1
B4469054.png,1
b4512009.png,1
b4512019.png,1
B4512049.png,1
B4512052.png,1
b4604028.png,1
b4835002.png,1
b4835005.png,1
B4835054.png,1
B4835058.png,1
b4854002.png,1
b4854017.png,1
B4854030.png,1
E0024010.png,0
E0024011.png,0
E0024025.png,0
E0024029.png,0
E0024033.png,0
E0024034.png,0
E0024035.png,0
E0024043.png,0
E0024049.png,0
E0024056.png,0
E0024060.png,0
E0026017.png,0
E0026024.png,0
E0026029.png,0
E0026037.png,0
E0026043.png,0
E0039004.png,0
E0039020.png,0
E0039023.png,0
E0039027.png,0
E0039030.png,0
E0039033.png,0
E0039037.png,0
E0039041.png,0
E0039051.png,0
E0039052.png,0
E0039054.png,0
E0060000.png,0
E0060008.png,0
E0060019.png,0
E0060022.png,0
E0060035.png,0
E0060038.png,0
E0060041.png,0
E0060058.png,0
E0081002.png,0
E0081008.png,0
E0081011.png,0
E0081012.png,0
E0081025.png,0
E0081029.png,0
E0081040.png,0
E0081043.png,0
E0081063.png,0
E0132004.png,0
E0132016.png,0
E0132022.png,0
E0132025.png,0
E0132028.png,0
E0132044.png,0
E0132046.png,0
E0132061.png,0
E0192007.png,0
E0192008.png,0
E0192030.png,0
E0192031.png,0
E0192039.png,0
E0192040.png,0
E0192041.png,0
E0192043.png,0
E0192048.png,0
E0192051.png,0
E0192053.png,0
E0192056.png,0
E0195001.png,0
E0195012.png,0
E0195018.png,0
E0195020.png,0
E0195021.png,0
E0195032.png,0
E0195037.png,0
E0195040.png,0
E0195052.png,0
E0195057.png,0
E0206005.png,0
E0206007.png,0
E0206024.png,0
E0206026.png,0
E0206027.png,0
E0206031.png,0
E0206037.png,0
E0206051.png,0
E0206054.png,0
E0206057.png,0
E0206059.png,0
E0206061.png,0
E0206063.png,0
E0231019.png,0
E0231021.png,0
E0231030.png,0
E0231034.png,0
E0231035.png,0
E0231042.png,0
E0231044.png,0
E0280004.png,0
E0280005.png,0
E0280007.png,0
E0280035.png,0
E0280050.png,0
E0280054.png,0
E0280055.png,0
E0280057.png,0
E0280063.png,0
E0292010.png,0
E0292022.png,0
E0292026.png,0
E0292031.png,0
E0292036.png,0
E0292047.png,0
E0292049.png,0
E0292060.png,0
E0317007.png,0
E0317012.png,0
E0317015.png,0
E0317032.png,0
E0317033.png,0
E0317035.png,0
E0317043.png,0
E0317048.png,0
E0347000.png,0
E0347004.png,0
E0347010.png,0
E0347011.png,0
E0347022.png,0
E0347024.png,0
E0347025.png,0
E0347047.png,0
E0347049.png,0
E0347051.png,0
E0347055.png,0
E0347059.png,0
E0347060.png,0
E0347062.png,0
E0347063.png,0
E0406004.png,0
E0406007.png,0
E0406020.png,0
E0406022.png,0
E0406032.png,0
E0406038.png,0
E0406041.png,0
E0406051.png,0
E0406056.png,0
E0418005.png,0
E0418009.png,0
E0418026.png,0
E0418028.png,0
E0418030.png,0
E0418045.png,0
E0418048.png,0
E0418051.png,0
E0418052.png,0
E0418059.png,0
E0418062.png,0
E0418063.png,0
E0442014.png,0
E0442015.png,0
E0442019.png,0
E0442021.png,0
E0442024.png,0
E0442029.png,0
E0442032.png,0
E0442034.png,0
E0442039.png,0
E0442040.png,0
E0442041.png,0
E0442049.png,0
E0442050.png,0
E0442052.png,0
E0442060.png,0
E0442061.png,0
E0474003.png,0
E0474006.png,0
E0474012.png,0
E0474016.png,0
E0474017.png,0
E0474022.png,0
E0474033.png,0
E0474037.png,0
E0474038.png,0
E0474043.png,0
E0474054.png,0
E0474057.png,0
E0476006.png,0
E0476015.png,0
E0476024.png,0
E0476025.png,0
E0476028.png,0
E0476030.png,0
E0476033.png,0
E0476037.png,0
E0476038.png,0
E0476042.png,0
E0476057.png,0
E0476058.png,0
E0530004.png,0
E0530006.png,0
E0530022.png,0
E0530040.png,0
E0530041.png,0
E0530044.png,0
E0530047.png,0
E0530057.png,0
E0546016.png,0
E0546020.png,0
E0546031.png,0
E0546035.png,0
E0546036.png,0
E0546039.png,0
E0546043.png,0
E0546051.png,0
E0546053.png,0
E0546054.png,0
E0546059.png,0
E0546061.png,0
E0602010.png,0
E0602012.png,0
E0602024.png,0
E0602025.png,0
E0602027.png,0
E0602030.png,0
E0602036.png,0
E0602040.png,0
E0602050.png,0
E0602062.png,0
E0763001.png,0
E0763024.png,0
E0763040.png,0
E0763042.png,0
E0763057.png,0
E0791005.png,0
E0791007.png,0
E0791013.png,0
E0791015.png,0
E0791020.png,0
E0791025.png,0
E0791032.png,0
E0791035.png,0
E0791040.png,0
E0791041.png,0
E0791059.png,0
E0791063.png,0
E0871009.png,0
E0871016.png,0
E0871040.png,0
E0871042.png,0
E0871043.png,0
E0871050.png,0
E0871057.png,0
E0884006.png,0
E0884016.png,0
E0884019.png,0
E0884023.png,0
E0884024.png,0
E0884035.png,0
E0884039.png,0
E0884042.png,0
E0884044.png,0
E0884046.png,0
E0884057.png,0
E0884059.png,0
E0884062.png,0
E0916001.png,0
E0916003.png,0
E0916007.png,0
E0916015.png,0
E0916018.png,0
E0916022.png,0
E0916030.png,0
E0916032.png,0
E0916038.png,0
E0916056.png,0
E0916061.png,0
E0916063.png,0
E0942007.png,0
E0942016.png,0
E0942026.png,0
E0942042.png,0
E0954003.png,0
E0954007.png,0
E0954018.png,0
E0954020.png,0
E0954025.png,0
E0954029.png,0
E0954034.png,0
E0954035.png,0
E0954046.png,0
E0954047.png,0
E0954049.png,0
E0954055.png,0
E0954057.png,0
E0954059.png,0
E0975004.png,0
E0975005.png,0
E0975009.png,0
E0975024.png,0
E0975041.png,0
E0975045.png,0
E0975046.png,0
E0975050.png,0
E0975051.png,0
E0975057.png,0
E0975058.png,0
E0975060.png,0
E0975063.png,0
E0993002.png,0
E0993018.png,0
E0993021.png,0
E0993023.png,0
E0993027.png,0
E0993031.png,0
E0993032.png,0
E0993039.png,0
E0993040.png,0
E0993043.png,0
E0993046.png,0
E0993059.png,0
E1028010.png,0
E1028015.png,0
E1028020.png,0
E1028027.png,0
E1028028.png,0
E1028043.png,0
E1028053.png,0
E1069000.png,0
E1069010.png,0
E1069018.png,0
E1069020.png,0
E1069032.png,0
E1069041.png,0
E1069049.png,0
E1069052.png,0
E1069053.png,0
E1069058.png,0
E1069062.png,0
E1131001.png,0
E1131002.png,0
E1131003.png,0
E1131004.png,0
E1131005.png,0
E1131013.png,0
E1131017.png,0
E1131023.png,0
E1131030.png,0
E1131032.png,0
E1131038.png,0
E1131039.png,0
E1131042.png,0
E1131053.png,0
E1131057.png,0
E1131063.png,0
E1149004.png,0
E1149017.png,0
E1149022.png,0
E1149027.png,0
E1149028.png,0
E1149029.png,0
E1149037.png,0
E1149041.png,0
E1149042.png,0
E1149052.png,0
E1149055.png,0
E1149057.png,0
E1149059.png,0
E1199021.png,0
E1199025.png,0
E1199031.png,0
E1199039.png,0
E1199040.png,0
E1199044.png,0
E1199047.png,0
E1199057.png,0
E1248002.png,0
E1248005.png,0
E1248015.png,0
E1248024.png,0
E1248025.png,0
E1248030.png,0
E1248038.png,0
E1248039.png,0
E1248048.png,0
E1248050.png,0
E1248057.png,0
E1248060.png,0
E1248063.png,0
E1285006.png,0
E1285011.png,0
E1285012.png,0
E1285027.png,0
E1285033.png,0
E1285060.png,0
E1340008.png,0
E1340018.png,0
E1340026.png,0
E1340033.png,0
E1340035.png,0
E1340041.png,0
E1340044.png,0
E1376002.png,0
E1376004.png,0
E1376006.png,0
E1376008.png,0
E1376009.png,0
E1376011.png,0
E1376015.png,0
E1376030.png,0
E1376033.png,0
E1376035.png,0
E1376037.png,0
E1376043.png,0
E1376061.png,0
E1406001.png,0
E1406009.png,0
E1406011.png,0
E1406018.png,0
E1406023.png,0
E1406032.png,0
E1406038.png,0
E1406040.png,0
E1406042.png,0
E1406046.png,0
E1406047.png,0
E1406051.png,0
E1406052.png,0
E1406053.png,0
E1406061.png,0
E1493005.png,0
E1493010.png,0
E1493020.png,0
E1493022.png,0
E1493034.png,0
E1493038.png,0
E1493041.png,0
E1493050.png,0
E1515001.png,0
E1515006.png,0
E1515010.png,0
E1515015.png,0
E1515017.png,0
E1515018.png,0
E1515020.png,0
E1515024.png,0
E1515027.png,0
E1515034.png,0
E1515035.png,0
E1515038.png,0
E1515041.png,0
E1515047.png,0
E1515049.png,0
E1515050.png,0
E1515053.png,0
E1515058.png,0
E1515062.png,0
E1556003.png,0
E1556004.png,0
E1556009.png,0
E1556012.png,0
E1556018.png,0
E1556024.png,0
E1556038.png,0
E1556039.png,0
E1556042.png,0
E1556046.png,0
E1556051.png,0
E1556052.png,0
E1556058.png,0
E1617011.png,0
E1617020.png,0
E1617023.png,0
E1617024.png,0
E1617030.png,0
E1617034.png,0
E1617037.png,0
E1617044.png,0
E1617046.png,0
E1617047.png,0
E1623006.png,0
E1623029.png,0
E1623030.png,0
E1623032.png,0
E1623033.png,0
E1623038.png,0
E1623051.png,0
E1623055.png,0
E1623056.png,0
E1623057.png,0
E1623062.png,0
E1624000.png,0
E1624004.png,0
E1624009.png,0
E1624030.png,0
E1624032.png,0
E1624038.png,0
E1624039.png,0
E1624043.png,0
E1624044.png,0
E1624050.png,0
E1624059.png,0
E1624063.png,0
E1649000.png,0
E1649001.png,0
E1649003.png,0
E1649004.png,0
E1649007.png,0
E1649009.png,0
E1649017.png,0
E1649021.png,0
E1649028.png,0
E1649030.png,0
E1649041.png,0
E1649048.png,0
E1649055.png,0
E1649056.png,0
E1649057.png,0
E1712002.png,0
E1712017.png,0
E1712023.png,0
E1712026.png,0
E1712037.png,0
E1712055.png,0
E1712058.png,0
E1712063.png,0
E1734000.png,0
E1734003.png,0
E1734006.png,0
E1734011.png,0
E1734013.png,0
E1734014.png,0
E1734019.png,0
E1734020.png,0
E1734022.png,0
E1734027.png,0
E1734029.png,0
E1734035.png,0
E1734036.png,0
E1734045.png,0
E1734053.png,0
E1734059.png,0
E1734060.png,0
E1792010.png,0
E1792014.png,0
E1792016.png,0
E1792017.png,0
E1792022.png,0
E1792032.png,0
E1792033.png,0
E1792041.png,0
E1792043.png,0
E1792056.png,0
E1792057.png,0
E1792060.png,0
E1797004.png,0
E1797006.png,0
E1797011.png,0
E1797012.png,0
E1797016.png,0
E1797029.png,0
E1797031.png,0
E1797037.png,0
E1797038.png,0
E1797058.png,0
E1797062.png,0
E1805001.png,0
E1805002.png,0
E1805017.png,0
E1805027.png,0
E1805032.png,0
E1805033.png,0
E1805045.png,0
E1805047.png,0
E1805051.png,0
E1805054.png,0
E1805056.png,0
E1805059.png,0
E1865000.png,0
E1865011.png,0
E1865016.png,0
E1865019.png,0
E1865022.png,0
E1865029.png,0
E1865033.png,0
E1865039.png,0
E1865043.png,0
E1865049.png,0
E1865053.png,0
E1878000.png,0
E1878001.png,0
E1878010.png,0
E1878015.png,0
E1878022.png,0
E1878026.png,0
E1878028.png,0
E1878031.png,0
E1878040.png,0
E1878044.png,0
E1878050.png,0
E1878054.png,0
E1878057.png,0
E1878063.png,0
E1898001.png,0
E1898005.png,0
E1898007.png,0
E1898008.png,0
E1898029.png,0
E1898036.png,0
E1898041.png,0
E1898050.png,0
E1898051.png,0
E1898056.png,0
E1898060.png,0
E1898061.png,0
E1912001.png,0
E1912007.png,0
E1912010.png,0
E1912018.png,0
E1912024.png,0
E1912030.png,0
E1912044.png,0
E1912050.png,0
E1912058.png,0
E1913000.png,0
E1913003.png,0
E1913004.png,0
E1913014.png,0
E1913022.png,0
E1913026.png,0
E1913038.png,0
E1913043.png,0
E1913057.png,0
E1913058.png,0
E1913060.png,0
E1913063.png,0
E1958003.png,0
E1958012.png,0
E1958014.png,0
E1958025.png,0
E1958036.png,0
E1958039.png,0
E1958043.png,0
E1958046.png,0
E1958048.png,0
E1958049.png,0
E1958052.png,0
E1958056.png,0
E1958058.png,0
E1958063.png,0
E1959030.png,0
E1959042.png,0
E1959052.png,0
E1959062.png,0
E1962002.png,0
E1962010.png,0
E1962032.png,0
E1962034.png,0
E1962041.png,0
E1962047.png,0
E1962050.png,0
E1962052.png,0
E1962063.png,0
E2005003.png,0
E2005005.png,0
E2005013.png,0
E2005022.png,0
E2005034.png,0
E2005037.png,0
E2005044.png,0
E2005049.png,0
E2017001.png,0
E2017007.png,0
E2017009.png,0
E2017018.png,0
E2017023.png,0
E2017037.png,0
E2017040.png,0
E2017050.png,0
E2017060.png,0
E2053003.png,0
E2053030.png,0
E2053035.png,0
E2053038.png,0
E2053040.png,0
E2053052.png,0
E2053056.png,0
E2087001.png,0
E2087005.png,0
E2087011.png,0
E2087017.png,0
E2087030.png,0
E2087041.png,0
E2087045.png,0
E2087061.png,0
E2122000.png,0
E2122007.png,0
E2122014.png,0
E2122038.png,0
E2122039.png,0
E2122040.png,0
E2122041.png,0
E2122049.png,0
E2122061.png,0
E2141017.png,0
E2141023.png,0
E2141028.png,0
E2141029.png,0
E2141034.png,0
E2141035.png,0
E2141056.png,0
E2141059.png,0
E2141062.png,0
E2219001.png,0
E2219024.png,0
E2219028.png,0
E2219039.png,0
E2219044.png,0
E2219052.png,0
E2219057.png,0
E2244003.png,0
E2244023.png,0
E2244024.png,0
E2244029.png,0
E2244032.png,0
E2244033.png,0
E2244048.png,0
E2244050.png,0
E2244052.png,0
E2244058.png,0
E2244059.png,0
E2244061.png,0
E2244062.png,0
E2261003.png,0
E2261012.png,0
E2261013.png,0
E2261015.png,0
E2261016.png,0
E2261017.png,0
E2261018.png,0
E2261019.png,0
E2261033.png,0
E2261040.png,0
E2261047.png,0
E2261048.png,0
E2261055.png,0
E2261058.png,0
E2261059.png,0
E2318002.png,0
E2318017.png,0
E2318020.png,0
E2318029.png,0
E2318032.png,0
E2318034.png,0
E2318036.png,0
E2318042.png,0
E2318045.png,0
E2318047.png,0
E2318057.png,0
E2318060.png,0
E2344004.png,0
E2344014.png,0
E2344017.png,0
E2344027.png,0
E2344047.png,0
E2344049.png,0
E2344052.png,0
E2344054.png,0
E2344062.png,0
E2361000.png,0
E2361001.png,0
E2361007.png,0
E2361016.png,0
E2361026.png,0
E2361031.png,0
E2361034.png,0
E2361038.png,0
E2361039.png,0
E2361050.png,0
E2367001.png,0
E2367002.png,0
E2367008.png,0
E2367026.png,0
E2367031.png,0
E2367034.png,0
E2367039.png,0
E2367046.png,0
E2420019.png,0
E2420022.png,0
E2420027.png,0
E2420037.png,0
E2420041.png,0
E2460001.png,0
E2460003.png,0
E2460006.png,0
E2460011.png,0
E2460013.png,0
E2460014.png,0
E2460021.png,0
E2460022.png,0
E2460026.png,0
E2460041.png,0
E2460043.png,0
E2460048.png,0
E2460049.png,0
E2460052.png,0
E2460055.png,0
E2519017.png,0
E2519020.png,0
E2519026.png,0
E2519027.png,0
E2519029.png,0
E2519034.png,0
E2519039.png,0
E2519040.png,0
E2519057.png,0
E2563003.png,0
E2563019.png,0
E2563022.png,0
E2563026.png,0
E2563047.png,0
E2563051.png,0
E2576005.png,0
E2576006.png,0
E2576019.png,0
E2576022.png,0
E2576024.png,0
E2576026.png,0
E2576029.png,0
E2576033.png,0
E2576038.png,0
E2576040.png,0
E2576046.png,0
E2576052.png,0
E2576060.png,0
E2576063.png,0
E2602016.png,0
E2602028.png,0
E2602029.png,0
E2602039.png,0
E2602047.png,0
E2602057.png,0
E2605016.png,0
E2605022.png,0
E2605023.png,0
E2605027.png,0
E2605032.png,0
E2605046.png,0
E2605052.png,0
E2618005.png,0
E2618006.png,0
E2618019.png,0
E2618038.png,0
E2618045.png,0
E2618049.png,0
E2618054.png,0
E2618057.png,0
E2727001.png,0
E2727020.png,0
E2727025.png,0
E2727027.png,0
E2727035.png,0
E2727059.png,0
E2727060.png,0
E2730010.png,0
E2730022.png,0
E2730023.png,0
E2730026.png,0
E2730036.png,0
E2730039.png,0
E2730043.png,0
E2730044.png,0
E2730060.png,0
E2730063.png,0
E2779010.png,0
E2779011.png,0
E2779016.png,0
E2779019.png,0
E2779020.png,0
E2779021.png,0
E2779026.png,0
E2779030.png,0
E2779033.png,0
E2779038.png,0
E2837022.png,0
E2837023.png,0
E2837024.png,0
E2837028.png,0
E2837030.png,0
E2837031.png,0
E2837041.png,0
E2837046.png,0
E2837052.png,0
E2837057.png,0
E2891005.png,0
E2891006.png,0
E2891022.png,0
E2891023.png,0
E2891033.png,0
E2891038.png,0
E2891041.png,0
E2891044.png,0
E2891053.png,0
E2891058.png,0
E3002006.png,0
E3002016.png,0
E3002020.png,0
E3002027.png,0
E3002031.png,0
E3002037.png,0
E3002057.png,0
E3002061.png,0
E3061001.png,0
E3061016.png,0
E3061017.png,0
E3061022.png,0
E3061029.png,0
E3061031.png,0
E3061032.png,0
E3061039.png,0
E3061044.png,0
E3068000.png,0
E3068002.png,0
E3068003.png,0
E3068009.png,0
E3068011.png,0
E3068019.png,0
E3068021.png,0
E3068028.png,0
E3068035.png,0
E3068037.png,0
E3068047.png,0
E3068054.png,0
E3068058.png,0
E3068061.png,0
E3068063.png,0
E3074001.png,0
E3074005.png,0
E3074028.png,0
E3074031.png,0
E3074034.png,0
E3074036.png,0
E3074039.png,0
E3074050.png,0
E3092000.png,0
E3092001.png,0
E3092004.png,0
E3092009.png,0
E3092017.png,0
E3092018.png,0
E3092035.png,0
E3092037.png,0
E3092038.png,0
E3092048.png,0
E3092059.png,0
E3092061.png,0
E3092062.png,0
E3092063.png,0
E3131004.png,0
E3131007.png,0
E3131008.png,0
E3131032.png,0
E3131039.png,0
E3131043.png,0
E3131058.png,0
E3172011.png,0
E3172039.png,0
E3172041.png,0
E3172048.png,0
E3172054.png,0
E3172057.png,0
E3172061.png,0
E3174001.png,0
E3174029.png,0
E3174032.png,0
E3174033.png,0
E3174038.png,0
E3174045.png,0
E3174046.png,0
E3208009.png,0
E3208011.png,0
E3208013.png,0
E3208023.png,0
E3208026.png,0
E3208029.png,0
E3208038.png,0
E3208041.png,0
E3208042.png,0
E3208050.png,0
E3208051.png,0
E3208057.png,0
E3208060.png,0
E3224011.png,0
E3224022.png,0
E3224024.png,0
E3224027.png,0
E3224028.png,0
E3224031.png,0
E3224033.png,0
E3224037.png,0
E3224039.png,0
E3224044.png,0
E3224051.png,0
E3224062.png,0
E3246008.png,0
E3246015.png,0
E3246026.png,0
E3246028.png,0
E3246030.png,0
E3246037.png,0
E3246038.png,0
E3246040.png,0
E3246043.png,0
E3246046.png,0
E3246058.png,0
E3251012.png,0
E3251025.png,0
E3251027.png,0
E3251031.png,0
E3251034.png,0
E3251036.png,0
E3251039.png,0
E3251048.png,0
E3251050.png,0
E3251051.png,0
E3251052.png,0
E3251059.png,0
E3251061.png,0
E3253000.png,0
E3253005.png,0
E3253010.png,0
E3253015.png,0
E3253037.png,0
E3253051.png,0
E3253054.png,0
E3349008.png,0
E3349010.png,0
E3349011.png,0
E3349024.png,0
E3349026.png,0
E3349030.png,0
E3349032.png,0
E3349042.png,0
E3349051.png,0
E3374019.png,0
E3374020.png,0
E3374025.png,0
E3374030.png,0
E3374046.png,0
E3374051.png,0
E3374058.png,0
E3426001.png,0
E3426003.png,0
E3426005.png,0
E3426008.png,0
E3426011.png,0
E3426016.png,0
E3426019.png,0
E3426023.png,0
E3426031.png,0
E3426036.png,0
E3426038.png,0
E3426042.png,0
E3426043.png,0
E3426044.png,0
E3426046.png,0
E3426054.png,0
E3426057.png,0
E3465007.png,0
E3465011.png,0
E3465015.png,0
E3465019.png,0
E3465027.png,0
E3465029.png,0
E3465030.png,0
E3465035.png,0
E3465037.png,0
E3465047.png,0
E3465049.png,0
E3465057.png,0
E3495015.png,0
E3495038.png,0
E3495040.png,0
E3495046.png,0
E3495063.png,0
E3498000.png,0
E3498008.png,0
E3498042.png,0
E3498060.png,0
E3498061.png,0
E3554000.png,0
E3554003.png,0
E3554005.png,0
E3554019.png,0
E3554021.png,0
E3554029.png,0
E3554030.png,0
E3554041.png,0
E3554042.png,0
E3554045.png,0
E3554053.png,0
E3554063.png,0
E3573014.png,0
E3573025.png,0
E3573030.png,0
E3573032.png,0
E3573037.png,0
E3573040.png,0
E3573043.png,0
E3573050.png,0
E3667000.png,0
E3667006.png,0
E3667018.png,0
E3667022.png,0
E3667023.png,0
E3667029.png,0
E3667033.png,0
E3667042.png,0
E3667043.png,0
E3667047.png,0
E3667048.png,0
E3667052.png,0
E3667056.png,0
E3732005.png,0
E3732006.png,0
E3732008.png,0
E3732011.png,0
E3732012.png,0
E3732014.png,0
E3732028.png,0
E3732043.png,0
E3732044.png,0
E3732055.png,0
E3739002.png,0
E3739006.png,0
E3739012.png,0
E3739013.png,0
E3739015.png,0
E3739018.png,0
E3739023.png,0
E3739027.png,0
E3739035.png,0
E3739043.png,0
E3739048.png,0
E3739049.png,0
E3739052.png,0
E3739053.png,0
E3739057.png,0
E3739059.png,0
E3739063.png,0
E3766020.png,0
E3766021.png,0
E3766024.png,0
E3766025.png,0
E3766032.png,0
E3766039.png,0
E3766042.png,0
E3766043.png,0
E3766044.png,0
E3777016.png,0
E3777019.png,0
E3777023.png,0
E3777030.png,0
E3777042.png,0
E3777044.png,0
E3777046.png,0
E3777051.png,0
E3777053.png,0
E3806011.png,0
E3806012.png,0
E3806017.png,0
E3806018.png,0
E3806019.png,0
E3806022.png,0
E3806040.png,0
E3806046.png,0
E3806060.png,0
E3806062.png,0
E3818001.png,0
E3818003.png,0
E3818010.png,0
E3818018.png,0
E3818022.png,0
E3818028.png,0
E3818031.png,0
E3818038.png,0
E3818052.png,0
E3820007.png,0
E3820008.png,0
E3820009.png,0
E3820019.png,0
E3820023.png,0
E3820028.png,0
E3820031.png,0
E3820032.png,0
E3820033.png,0
E3820035.png,0
E3820040.png,0
E3820043.png,0
E3889024.png,0
E3889032.png,0
E3889036.png,0
E3889038.png,0
E3889045.png,0
E3889046.png,0
E3889060.png,0
E3899001.png,0
E3899017.png,0
E3899019.png,0
E3899023.png,0
E3899024.png,0
E3899026.png,0
E3899036.png,0
E3899043.png,0
E3899052.png,0
E3925003.png,0
E3925004.png,0
E3925005.png,0
E3925007.png,0
E3925009.png,0
E3925010.png,0
E3925015.png,0
E3925016.png,0
E3925019.png,0
E3925021.png,0
E3925022.png,0
E3925032.png,0
E3925039.png,0
E3925056.png,0
E3925057.png,0
E3925058.png,0
E3938001.png,0
E3938003.png,0
E3938005.png,0
E3938006.png,0
E3938007.png,0
E3938009.png,0
E3938014.png,0
E3938021.png,0
E3938033.png,0
E3938034.png,0
E3938035.png,0
E3938047.png,0
E3938048.png,0
E3938058.png,0
E3941005.png,0
E3941007.png,0
E3941008.png,0
E3941026.png,0
E3941027.png,0
E3941037.png,0
E3941039.png,0
E3941040.png,0
E3941046.png,0
E3941049.png,0
E3941055.png,0
E3941057.png,0
E3941059.png,0
E3948016.png,0
E3948019.png,0
E3948023.png,0
E3948033.png,0
E3948037.png,0
E3948038.png,0
E3948042.png,0
E3949000.png,0
E3949005.png,0
E3949035.png,0
E3949038.png,0
E3949046.png,0
E3949049.png,0
E3949050.png,0
E3949051.png,0
E3949058.png,0
E3949062.png,0
E3967012.png,0
E3967018.png,0
E3967021.png,0
E3967023.png,0
E3967027.png,0
E3967031.png,0
E3967033.png,0
E3967039.png,0
E3967041.png,0
E3967043.png,0
E3967046.png,0
E3967049.png,0
E3967052.png,0
E3967058.png,0
E4030011.png,0
E4030012.png,0
E4030018.png,0
E4030031.png,0
E4030034.png,0
E4030036.png,0
E4030040.png,0
E4030043.png,0
E4030047.png,0
E4052004.png,0
E4052008.png,0
E4052014.png,0
E4052017.png,0
E4052032.png,0
E4052038.png,0
E4052040.png,0
E4052044.png,0
E4052045.png,0
E4052046.png,0
E4052047.png,0
E4052049.png,0
E4052051.png,0
E4052062.png,0
E4092005.png,0
E4092010.png,0
E4092027.png,0
E4092030.png,0
E4092035.png,0
E4092037.png,0
E4092038.png,0
E4092039.png,0
E4092041.png,0
E4092043.png,0
E4092045.png,0
E4092046.png,0
E4092057.png,0
E4092060.png,0
E4092061.png,0
E4108003.png,0
E4108020.png,0
E4108034.png,0
E4108046.png,0
E4156001.png,0
E4156006.png,0
E4156016.png,0
E4156019.png,0
E4156021.png,0
E4156023.png,0
E4156029.png,0
E4156035.png,0
E4156036.png,0
E4156039.png,0
E4156048.png,0
E4156049.png,0
E4156051.png,0
E4209006.png,0
E4209010.png,0
E4209015.png,0
E4209022.png,0
E4209026.png,0
E4209032.png,0
E4209035.png,0
E4209036.png,0
E4209052.png,0
E4209054.png,0
E4209056.png,0
E4209057.png,0
E4234002.png,0
E4234023.png,0
E4234025.png,0
E4234030.png,0
E4234032.png,0
E4234037.png,0
E4279017.png,0
E4279018.png,0
E4279019.png,0
E4279025.png,0
E4279041.png,0
E4279045.png,0
E4279062.png,0
E4288008.png,0
E4288020.png,0
E4288035.png,0
E4288036.png,0
E4288040.png,0
E4288043.png,0
E4288044.png,0
E4288047.png,0
E4288054.png,0
E4288060.png,0
E4296000.png,0
E4296016.png,0
E4296017.png,0
E4296031.png,0
E4296035.png,0
E4296041.png,0
E4296050.png,0
E4296051.png,0
E4314000.png,0
E4314005.png,0
E4314008.png,0
E4314009.png,0
E4314023.png,0
E4314029.png,0
E4314031.png,0
E4314042.png,0
E4314043.png,0
E4314057.png,0
E4314059.png,0
E4314061.png,0
E4323000.png,0
E4323002.png,0
E4323005.png,0
E4323007.png,0
E4323008.png,0
E4323015.png,0
E4323017.png,0
E4323023.png,0
E4323029.png,0
E4323033.png,0
E4323043.png,0
E4323059.png,0
E4360006.png,0
E4360012.png,0
E4360022.png,0
E4360031.png,0
E4360044.png,0
E4360045.png,0
E4360054.png,0
E4384001.png,0
E4384011.png,0
E4384030.png,0
E4384058.png,0
E4458007.png,0
E4458010.png,0
E4458012.png,0
E4458017.png,0
E4458019.png,0
E4458021.png,0
E4458027.png,0
E4458030.png,0
E4458037.png,0
E4458039.png,0
E4458040.png,0
E4458048.png,0
E4458063.png,0
E4469011.png,0
E4469017.png,0
E4469020.png,0
E4469023.png,0
E4469025.png,0
E4469030.png,0
E4469031.png,0
E4469035.png,0
E4469037.png,0
E4469042.png,0
E4469043.png,0
E4469050.png,0
E4469058.png,0
E4469063.png,0
E4512001.png,0
E4512022.png,0
E4512024.png,0
E4512029.png,0
E4512031.png,0
E4512032.png,0
E4512039.png,0
E4512047.png,0
E4512057.png,0
E4512063.png,0
E4604007.png,0
E4604010.png,0
E4604012.png,0
E4604014.png,0
E4604019.png,0
E4604037.png,0
E4604043.png,0
E4604050.png,0
E4604056.png,0
E4604057.png,0
E4604058.png,0
E4604059.png,0
E4604060.png,0
E4802007.png,0
E4802012.png,0
E4802013.png,0
E4802016.png,0
E4802022.png,0
E4802024.png,0
E4802028.png,0
E4802035.png,0
E4802036.png,0
E4802038.png,0
E4802040.png,0
E4802042.png,0
E4802043.png,0
E4802047.png,0
E4802048.png,0
E4802049.png,0
E4802050.png,0
E4802053.png,0
E4802055.png,0
E4802060.png,0
E4802063.png,0
E4809002.png,0
E4809015.png,0
E4809024.png,0
E4809026.png,0
E4809040.png,0
E4809041.png,0
E4809048.png,0
E4809050.png,0
E4835036.png,0
E4835038.png,0
E4835041.png,0
E4835050.png,0
E4835051.png,0
E4835062.png,0
E4854001.png,0
E4854022.png,0
E4854027.png,0
E4854032.png,0
E4854034.png,0
E4854037.png,0
E4854038.png,0
E4854051.png,0
E4854060.png,0
k0024006.png,1
K0024055.png,1
k0026004.png,1
K0026058.png,1
k0039006.png,1
K0039049.png,1
k0060002.png,1
K0060060.png,1
k0081006.png,1
K0081062.png,1
k0132006.png,1
K0132062.png,1
k0192006.png,1
K0192062.png,1
k0195006.png,1
K0195062.png,1
k0206006.png,1
K0206062.png,1
k0231006.png,1
K0231062.png,1
k0280037.png,1
K0280061.png,1
k0292006.png,1
K0292062.png,1
k0317006.png,1
K0317062.png,1
k0347002.png,1
K0347041.png,1
k0406002.png,1
K0406057.png,1
k0418019.png,1
K0418046.png,1
k0442006.png,1
K0442054.png,1
k0474014.png,1
K0474061.png,1
k0476004.png,1
K0476060.png,1
k0530005.png,1
K0530062.png,1
k0546027.png,1
K0546046.png,1
k0602033.png,1
K0602044.png,1
k0763004.png,1
K0763062.png,1
k0791014.png,1
K0791055.png,1
k0871004.png,1
K0871054.png,1
k0884014.png,1
K0884054.png,1
k0916021.png,1
K0916055.png,1
k0942006.png,1
K0942062.png,1
k0954012.png,1
K0954054.png,1
k0975014.png,1
K0975053.png,1
k0993006.png,1
K0993063.png,1
k1028011.png,1
K1028050.png,1
k1069012.png,1
K1069051.png,1
k1131006.png,1
K1131055.png,1
k1149007.png,1
K1149062.png,1
k1199004.png,1
K1199062.png,1
k1248006.png,1
K1248062.png,1
k1285004.png,1
K1285062.png,1
k1340004.png,1
K1340062.png,1
k1376012.png,1
K1376062.png,1
k1406015.png,1
K1406055.png,1
k1493006.png,1
K1493062.png,1
k1515005.png,1
K1515030.png,1
k1556020.png,1
K1556063.png,1
k1617004.png,1
K1617060.png,1
k1623011.png,1
K1623052.png,1
k1624006.png,1
K1624062.png,1
k1649020.png,1
K1649036.png,1
k1712006.png,1
K1712062.png,1
k1734007.png,1
K1734055.png,1
k1792006.png,1
K1792062.png,1
k1797015.png,1
K1797061.png,1
k1805006.png,1
K1805062.png,1
k1865042.png,1
K1865052.png,1
k1878002.png,1
K1878062.png,1
k1898012.png,1
K1898062.png,1
k1912006.png,1
K1912062.png,1
k1913013.png,1
K1913052.png,1
k1958010.png,1
K1958062.png,1
k1959004.png,1
K1959060.png,1
k1962006.png,1
K1962062.png,1
k2005011.png,1
K2005062.png,1
k2017006.png,1
K2017062.png,1
k2053006.png,1
K2053062.png,1
k2087006.png,1
K2087062.png,1
k2122006.png,1
K2122062.png,1
k2141004.png,1
K2141060.png,1
k2219004.png,1
K2219062.png,1
k2244006.png,1
K2244055.png,1
k2261020.png,1
K2261032.png,1
k2318006.png,1
K2318062.png,1
k2344013.png,1
K2344050.png,1
k2361006.png,1
K2361062.png,1
k2367006.png,1
K2367062.png,1
k2420004.png,1
K2420060.png,1
k2460045.png,1
K2460051.png,1
k2519006.png,1
K2519060.png,1
k2563004.png,1
K2563062.png,1
k2576004.png,1
K2576062.png,1
k2602004.png,1
K2602060.png,1
k2605004.png,1
K2605060.png,1
k2618013.png,1
K2618044.png,1
k2727006.png,1
K2727062.png,1
k2730006.png,1
K2730062.png,1
k2779004.png,1
K2779060.png,1
k2837006.png,1
K2837062.png,1
k2891012.png,1
K2891061.png,1
k3002004.png,1
K3002060.png,1
k3061004.png,1
K3061060.png,1
k3068026.png,1
K3068053.png,1
k3074004.png,1
K3074060.png,1
k3092026.png,1
K3092042.png,1
k3131006.png,1
K3131062.png,1
k3172018.png,1
K3172043.png,1
k3174007.png,1
K3174062.png,1
k3208014.png,1
K3208062.png,1
k3224004.png,1
K3224060.png,1
k3246006.png,1
K3246057.png,1
k3251018.png,1
K3251054.png,1
k3253014.png,1
K3253055.png,1
k3349006.png,1
K3349062.png,1
k3374006.png,1
K3374060.png,1
k3426015.png,1
K3426053.png,1
k3465006.png,1
K3465062.png,1
k3495007.png,1
K3495057.png,1
k3498006.png,1
K3498057.png,1
k3554006.png,1
K3554054.png,1
k3573009.png,1
K3573062.png,1
k3667014.png,1
K3667054.png,1
k3732030.png,1
K3732062.png,1
k3739029.png,1
K3739046.png,1
k3766004.png,1
K3766060.png,1
k3777004.png,1
K3777060.png,1
k3806039.png,1
K3806051.png,1
k3818006.png,1
K3818062.png,1
k3820006.png,1
K3820062.png,1
k3889007.png,1
K3889062.png,1
k3899004.png,1
K3899060.png,1
k3925006.png,1
K3925062.png,1
k3938026.png,1
K3938054.png,1
K3941043.png,1
k3941045.png,1
k3948004.png,1
K3948062.png,1
k3949013.png,1
K3949052.png,1
k3967004.png,1
K3967060.png,1
k4030004.png,1
K4030060.png,1
k4052034.png,1
K4052037.png,1
k4092014.png,1
K4092062.png,1
k4108006.png,1
K4108062.png,1
k4156012.png,1
K4156060.png,1
k4209011.png,1
K4209061.png,1
k4234006.png,1
K4234062.png,1
k4279004.png,1
K4279060.png,1
k4288014.png,1
K4288062.png,1
k4296015.png,1
K4296062.png,1
k4314006.png,1
K4314062.png,1
k4323014.png,1
K4323038.png,1
k4360004.png,1
K4360060.png,1
k4384006.png,1
K4384062.png,1
k4458013.png,1
K4458062.png,1
k4469006.png,1
K4469062.png,1
k4512006.png,1
K4512062.png,1
k4604026.png,1
K4604052.png,1
k4802011.png,1
K4802033.png,1
k4809006.png,1
K4809062.png,1
k4835004.png,1
K4835060.png,1
k4854006.png,1
K4854062.png,1
n0024059.png,1
n0026021.png,1
n0026028.png,1
N0026035.png,1
N0026042.png,1
n0039021.png,1
N0039035.png,1
N0060042.png,1
n0081001.png,1
N0081042.png,1
N0081045.png,1
n0132033.png,1
N0132042.png,1
N0132045.png,1
N0192024.png,1
n0192036.png,1
N0206014.png,1
N0206055.png,1
n0231018.png,1
N0231051.png,1
n0292011.png,1
n0292019.png,1
N0292043.png,1
n0317017.png,1
n0317026.png,1
N0317046.png,1
N0317051.png,1
N0406042.png,1
n0406045.png,1
n0474042.png,1
N0474051.png,1
n0476021.png,1
N0476062.png,1
n0530018.png,1
N0530034.png,1
n0763018.png,1
n0763021.png,1
N0763041.png,1
N0763051.png,1
n0791023.png,1
n0871020.png,1
N0871047.png,1
N0884018.png,1
n0942013.png,1
N0942045.png,1
n0975012.png,1
N0975042.png,1
N0993036.png,1
n1028012.png,1
N1069046.png,1
n1131010.png,1
n1131021.png,1
N1131052.png,1
N1131059.png,1
n1199006.png,1
n1199018.png,1
N1199042.png,1
N1199045.png,1
n1248011.png,1
n1248021.png,1
N1248042.png,1
N1248045.png,1
n1285018.png,1
n1285021.png,1
N1285032.png,1
N1285045.png,1
n1340012.png,1
n1340021.png,1
N1340045.png,1
N1340057.png,1
n1493019.png,1
n1556034.png,1
n1556041.png,1
n1617001.png,1
n1617027.png,1
N1617045.png,1
N1617057.png,1
n1623009.png,1
N1623034.png,1
N1624027.png,1
n1712027.png,1
N1712028.png,1
N1734021.png,1
N1792018.png,1
n1792019.png,1
n1797009.png,1
N1797025.png,1
n1805011.png,1
n1805021.png,1
N1805042.png,1
N1805043.png,1
N1865046.png,1
n1898011.png,1
n1912013.png,1
n1912016.png,1
N1912042.png,1
N1912043.png,1
n1913012.png,1
N1913051.png,1
n1958001.png,1
n1959018.png,1
n1959021.png,1
N1959045.png,1
N1959057.png,1
n2005021.png,1
N2005024.png,1
n2017021.png,1
N2017045.png,1
N2017057.png,1
n2053012.png,1
n2053018.png,1
N2053026.png,1
N2053034.png,1
n2087018.png,1
N2087051.png,1
n2141018.png,1
N2141042.png,1
N2141045.png,1
n2219011.png,1
n2219021.png,1
N2219045.png,1
N2219051.png,1
N2244034.png,1
N2244051.png,1
n2318011.png,1
n2318021.png,1
N2318041.png,1
n2344018.png,1
n2344036.png,1
N2344038.png,1
n2361018.png,1
N2361045.png,1
n2367022.png,1
n2367037.png,1
N2367045.png,1
N2367061.png,1
n2420006.png,1
n2420018.png,1
N2420045.png,1
N2420057.png,1
n2519001.png,1
n2519021.png,1
N2519035.png,1
N2519042.png,1
n2563021.png,1
n2563024.png,1
N2563042.png,1
N2563045.png,1
n2576018.png,1
n2576021.png,1
N2576041.png,1
N2576045.png,1
n2602001.png,1
n2602006.png,1
N2602042.png,1
N2602062.png,1
n2605018.png,1
n2605021.png,1
N2605045.png,1
N2605057.png,1
n2618011.png,1
n2727019.png,1
n2727024.png,1
N2727028.png,1
N2727051.png,1
n2730019.png,1
n2730027.png,1
N2730028.png,1
n2779001.png,1
n2779006.png,1
N2779045.png,1
N2779057.png,1
n2837011.png,1
N2837042.png,1
N2837045.png,1
N2891040.png,1
n3002018.png,1
n3002021.png,1
N3002042.png,1
N3002045.png,1
n3061018.png,1
n3061021.png,1
N3061062.png,1
n3074018.png,1
n3074021.png,1
N3074042.png,1
N3074045.png,1
N3092024.png,1
n3092028.png,1
n3131021.png,1
n3131033.png,1
N3131035.png,1
N3131044.png,1
n3172020.png,1
N3174050.png,1
n3224001.png,1
n3224021.png,1
N3224035.png,1
N3224042.png,1
n3246021.png,1
N3246035.png,1
N3246042.png,1
n3253036.png,1
N3253042.png,1
N3253044.png,1
n3349018.png,1
N3349019.png,1
N3349045.png,1
n3374001.png,1
N3374042.png,1
N3374052.png,1
N3426026.png,1
n3426027.png,1
N3465026.png,1
n3465042.png,1
n3495036.png,1
N3495042.png,1
n3498017.png,1
n3498019.png,1
N3498046.png,1
N3573042.png,1
n3732010.png,1
n3766001.png,1
n3766006.png,1
N3766045.png,1
N3766057.png,1
n3777001.png,1
n3777021.png,1
N3777057.png,1
N3777062.png,1
n3818017.png,1
n3820021.png,1
N3820042.png,1
n3889001.png,1
N3889035.png,1
n3899011.png,1
n3899018.png,1
N3899035.png,1
N3899042.png,1
N3925042.png,1
n3948006.png,1
n3948018.png,1
N3948045.png,1
N3948057.png,1
n3949026.png,1
N3949044.png,1
N3949057.png,1
n3967001.png,1
N3967045.png,1
n4030001.png,1
n4030021.png,1
N4030042.png,1
N4030045.png,1
n4092021.png,1
N4092055.png,1
N4092059.png,1
N4108025.png,1
n4108036.png,1
n4156020.png,1
N4156041.png,1
n4209029.png,1
N4209034.png,1
n4234011.png,1
n4234035.png,1
N4234042.png,1
N4234045.png,1
n4279011.png,1
n4279021.png,1
N4279051.png,1
N4288032.png,1
n4288038.png,1
n4296012.png,1
n4296018.png,1
N4296034.png,1
N4296052.png,1
n4314011.png,1
N4314036.png,1
N4323035.png,1
n4360001.png,1
n4360021.png,1
N4360057.png,1
N4360062.png,1
n4384010.png,1
N4384032.png,1
N4384045.png,1
n4458020.png,1
N4458042.png,1
n4469001.png,1
n4469038.png,1
N4469045.png,1
N4469057.png,1
n4512011.png,1
n4512021.png,1
N4512042.png,1
N4512045.png,1
N4604040.png,1
n4809021.png,1
N4809029.png,1
n4835001.png,1
n4835021.png,1
N4835035.png,1
N4835057.png,1
n4854021.png,1
N4854043.png,1
N4854052.png,1
p0024013.png,1
p0024015.png,1
p0024017.png,1
p0024020.png,1
p0024022.png,1
P0024032.png,1
P0024037.png,1
P0024042.png,1
P0024046.png,1
P0024047.png,1
P0024050.png,1
p0026013.png,1
p0026014.png,1
p0026016.png,1
p0026019.png,1
p0026020.png,1
p0026023.png,1
p0026025.png,1
P0026036.png,1
P0026038.png,1
P0026039.png,1
P0026045.png,1
P0026048.png,1
P0026049.png,1
P0026050.png,1
p0039008.png,1
p0039009.png,1
p0039012.png,1
p0039013.png,1
p0039015.png,1
p0039019.png,1
p0039022.png,1
P0039036.png,1
P0039038.png,1
P0039039.png,1
P0039042.png,1
P0039045.png,1
P0039048.png,1
P0039050.png,1
p0060014.png,1
p0060015.png,1
p0060016.png,1
p0060021.png,1
P0060023.png,1
p0060025.png,1
P0060030.png,1
p0060034.png,1
P0060040.png,1
P0060049.png,1
P0060050.png,1
P0060053.png,1
p0081013.png,1
p0081014.png,1
p0081017.png,1
p0081018.png,1
p0081023.png,1
p0081024.png,1
p0081027.png,1
P0081032.png,1
P0081033.png,1
P0081035.png,1
P0081044.png,1
P0081053.png,1
P0081054.png,1
P0081055.png,1
p0132009.png,1
p0132013.png,1
p0132014.png,1
p0132015.png,1
p0132018.png,1
p0132020.png,1
p0132024.png,1
p0132027.png,1
P0132032.png,1
P0132034.png,1
P0132035.png,1
P0132037.png,1
P0132041.png,1
P0132053.png,1
P0132054.png,1
P0132055.png,1
p0192014.png,1
p0192015.png,1
p0192016.png,1
p0192020.png,1
p0192021.png,1
P0192033.png,1
P0192045.png,1
P0192054.png,1
P0192055.png,1
p0195008.png,1
p0195009.png,1
p0195010.png,1
p0195013.png,1
p0195022.png,1
p0195023.png,1
p0195028.png,1
P0195033.png,1
P0195036.png,1
P0195042.png,1
P0195047.png,1
P0195048.png,1
P0195053.png,1
p0206008.png,1
p0206017.png,1
p0206021.png,1
p0206022.png,1
P0206032.png,1
P0206034.png,1
P0206039.png,1
P0206043.png,1
p0206045.png,1
P0206046.png,1
P0206049.png,1
p0231010.png,1
p0231022.png,1
p0231023.png,1
p0231025.png,1
p0231028.png,1
p0231029.png,1
P0231041.png,1
P0231043.png,1
P0231046.png,1
P0231052.png,1
P0231053.png,1
P0231055.png,1
p0280014.png,1
p0280023.png,1
p0280036.png,1
P0280047.png,1
P0280053.png,1
p0292009.png,1
p0292014.png,1
p0292016.png,1
p0292018.png,1
p0292020.png,1
p0292023.png,1
p0292027.png,1
p0292029.png,1
P0292034.png,1
P0292035.png,1
P0292041.png,1
P0292044.png,1
P0292048.png,1
P0292053.png,1
P0292054.png,1
P0292055.png,1
p0317013.png,1
p0317016.png,1
p0317019.png,1
p0317022.png,1
p0317023.png,1
P0317025.png,1
P0317027.png,1
p0317028.png,1
p0317034.png,1
P0317036.png,1
P0317042.png,1
P0317047.png,1
P0317049.png,1
P0317053.png,1
P0317054.png,1
p0347017.png,1
p0347023.png,1
P0347040.png,1
p0406008.png,1
p0406009.png,1
p0406013.png,1
p0406018.png,1
p0406019.png,1
p0406028.png,1
P0406034.png,1
P0406035.png,1
P0406044.png,1
P0406047.png,1
P0406048.png,1
P0406049.png,1
P0406053.png,1
P0418018.png,1
p0418021.png,1
p0418023.png,1
p0418024.png,1
P0418032.png,1
P0418037.png,1
P0418038.png,1
P0442020.png,1
p0442033.png,1
P0442038.png,1
P0442047.png,1
P0442048.png,1
p0474008.png,1
p0474009.png,1
p0474013.png,1
p0474015.png,1
p0474029.png,1
P0474046.png,1
P0474048.png,1
P0474053.png,1
P0474055.png,1
p0476008.png,1
p0476009.png,1
p0476013.png,1
p0476014.png,1
p0476023.png,1
P0476035.png,1
p0476036.png,1
P0476046.png,1
P0476048.png,1
P0476049.png,1
P0476052.png,1
P0476053.png,1
P0476055.png,1
p0530010.png,1
p0530013.png,1
p0530014.png,1
p0530016.png,1
p0530023.png,1
P0530024.png,1
p0530028.png,1
p0530033.png,1
P0530036.png,1
P0530049.png,1
P0530050.png,1
P0530053.png,1
P0530054.png,1
P0530055.png,1
p0546010.png,1
p0546022.png,1
p0546026.png,1
P0546028.png,1
P0546029.png,1
p0546033.png,1
P0546037.png,1
P0546041.png,1
P0546048.png,1
p0602013.png,1
p0602022.png,1
p0602026.png,1
p0602031.png,1
P0602032.png,1
P0602039.png,1
P0602046.png,1
p0763010.png,1
p0763013.png,1
p0763014.png,1
p0763016.png,1
p0763023.png,1
p0763028.png,1
P0763032.png,1
p0763033.png,1
P0763036.png,1
P0763045.png,1
P0763047.png,1
P0763049.png,1
P0763050.png,1
P0763054.png,1
p0791008.png,1
p0791017.png,1
p0791019.png,1
p0791021.png,1
p0791026.png,1
P0791027.png,1
p0791031.png,1
P0791037.png,1
P0791046.png,1
P0791047.png,1
P0791048.png,1
P0791049.png,1
p0871010.png,1
p0871013.png,1
p0871018.png,1
p0871025.png,1
P0871026.png,1
P0871028.png,1
p0871031.png,1
P0871033.png,1
P0871046.png,1
P0871053.png,1
p0884015.png,1
p0884022.png,1
p0884033.png,1
p0884040.png,1
P0884041.png,1
P0884047.png,1
P0884048.png,1
P0884053.png,1
p0916014.png,1
P0916039.png,1
p0942008.png,1
p0942009.png,1
p0942015.png,1
p0942022.png,1
P0942025.png,1
P0942028.png,1
p0942029.png,1
P0942037.png,1
P0942043.png,1
P0942055.png,1
p0954037.png,1
P0954045.png,1
p0975013.png,1
p0975017.png,1
p0975019.png,1
p0975020.png,1
p0975023.png,1
p0975029.png,1
P0975032.png,1
P0975034.png,1
P0975037.png,1
P0975038.png,1
P0975044.png,1
P0975047.png,1
p0993009.png,1
p0993013.png,1
p0993014.png,1
p0993015.png,1
p0993016.png,1
p0993026.png,1
P0993029.png,1
p0993034.png,1
P0993045.png,1
P0993048.png,1
P0993049.png,1
P0993050.png,1
P0993054.png,1
P0993055.png,1
p1028016.png,1
p1028022.png,1
p1028025.png,1
p1028029.png,1
p1028031.png,1
P1028033.png,1
P1028037.png,1
P1028039.png,1
P1028040.png,1
P1028045.png,1
p1069009.png,1
p1069016.png,1
p1069022.png,1
p1069023.png,1
p1069029.png,1
P1069033.png,1
p1069036.png,1
P1069039.png,1
P1069040.png,1
P1069044.png,1
P1069054.png,1
p1131015.png,1
p1131019.png,1
p1131022.png,1
p1131025.png,1
P1131027.png,1
p1131028.png,1
p1131029.png,1
P1131033.png,1
P1131036.png,1
P1131045.png,1
P1131046.png,1
P1131047.png,1
p1149008.png,1
p1149009.png,1
p1149014.png,1
p1149015.png,1
p1149018.png,1
p1149021.png,1
P1149026.png,1
P1149039.png,1
P1149040.png,1
P1149044.png,1
P1149046.png,1
P1149053.png,1
p1199008.png,1
p1199009.png,1
p1199012.png,1
p1199013.png,1
p1199015.png,1
p1199019.png,1
p1199022.png,1
p1199026.png,1
P1199034.png,1
P1199046.png,1
P1199048.png,1
P1199049.png,1
P1199051.png,1
P1199052.png,1
P1199053.png,1
P1199055.png,1
p1248009.png,1
p1248013.png,1
p1248014.png,1
p1248016.png,1
p1248018.png,1
p1248023.png,1
p1248027.png,1
P1248035.png,1
P1248040.png,1
P1248044.png,1
P1248049.png,1
P1248053.png,1
P1248054.png,1
P1248055.png,1
p1285008.png,1
p1285009.png,1
p1285010.png,1
p1285013.png,1
p1285014.png,1
p1285015.png,1
p1285019.png,1
p1285028.png,1
P1285036.png,1
P1285043.png,1
P1285048.png,1
P1285049.png,1
P1285050.png,1
P1285053.png,1
P1285054.png,1
P1285055.png,1
p1340009.png,1
p1340010.png,1
p1340013.png,1
p1340014.png,1
p1340015.png,1
p1340019.png,1
p1340024.png,1
P1340025.png,1
p1340028.png,1
P1340032.png,1
P1340036.png,1
P1340042.png,1
P1340051.png,1
P1340053.png,1
P1340054.png,1
P1340055.png,1
p1376021.png,1
P1376036.png,1
p1376039.png,1
P1376045.png,1
P1376047.png,1
p1406013.png,1
p1406014.png,1
P1406017.png,1
p1406020.png,1
p1406027.png,1
p1406031.png,1
p1406034.png,1
P1406035.png,1
P1406039.png,1
P1406044.png,1
P1406045.png,1
P1406054.png,1
p1493008.png,1
p1493013.png,1
p1493014.png,1
p1493017.png,1
p1493023.png,1
P1493032.png,1
P1493035.png,1
P1493045.png,1
P1493054.png,1
P1493055.png,1
P1515022.png,1
p1515025.png,1
P1515033.png,1
p1556022.png,1
p1556026.png,1
p1556032.png,1
p1556035.png,1
P1556037.png,1
P1556040.png,1
P1556045.png,1
P1556049.png,1
P1556055.png,1
p1617008.png,1
p1617009.png,1
p1617010.png,1
p1617012.png,1
p1617013.png,1
p1617014.png,1
p1617015.png,1
p1617019.png,1
P1617028.png,1
P1617035.png,1
P1617048.png,1
P1617049.png,1
P1617050.png,1
P1617053.png,1
P1617054.png,1
P1617055.png,1
P1623017.png,1
p1623021.png,1
p1623022.png,1
P1623027.png,1
p1623031.png,1
p1623036.png,1
P1623039.png,1
P1623046.png,1
P1623053.png,1
p1624013.png,1
p1624015.png,1
P1624017.png,1
p1624022.png,1
p1624024.png,1
p1624035.png,1
P1624036.png,1
P1624046.png,1
P1624048.png,1
P1624053.png,1
p1649022.png,1
P1649034.png,1
P1649046.png,1
p1712008.png,1
p1712013.png,1
p1712020.png,1
p1712022.png,1
p1712025.png,1
p1712031.png,1
P1712039.png,1
P1712040.png,1
P1712042.png,1
P1712043.png,1
P1712046.png,1
P1712049.png,1
P1712053.png,1
p1734008.png,1
p1734009.png,1
p1734018.png,1
P1734026.png,1
p1734031.png,1
P1734040.png,1
P1734047.png,1
P1734050.png,1
p1792008.png,1
p1792020.png,1
p1792021.png,1
p1792027.png,1
p1792030.png,1
P1792035.png,1
p1792039.png,1
P1792044.png,1
P1792045.png,1
P1792048.png,1
P1792049.png,1
P1792054.png,1
P1792055.png,1
p1797013.png,1
p1797014.png,1
p1797019.png,1
p1797023.png,1
p1797024.png,1
p1797028.png,1
P1797036.png,1
P1797039.png,1
P1797041.png,1
P1797045.png,1
P1797048.png,1
P1797054.png,1
p1805010.png,1
p1805013.png,1
p1805014.png,1
p1805016.png,1
p1805020.png,1
p1805023.png,1
p1805025.png,1
P1805035.png,1
P1805046.png,1
P1805048.png,1
P1805049.png,1
P1805052.png,1
P1805053.png,1
P1805055.png,1
p1865018.png,1
p1865027.png,1
p1865030.png,1
P1865035.png,1
p1865036.png,1
P1865038.png,1
P1865044.png,1
P1865047.png,1
P1865054.png,1
p1878013.png,1
p1878017.png,1
p1878020.png,1
P1878021.png,1
p1878033.png,1
p1878034.png,1
P1878046.png,1
P1878049.png,1
P1878053.png,1
P1878055.png,1
p1898013.png,1
p1898016.png,1
p1898020.png,1
p1898022.png,1
p1898031.png,1
p1898034.png,1
P1898044.png,1
P1898047.png,1
P1898048.png,1
P1898053.png,1
P1898054.png,1
p1912008.png,1
p1912017.png,1
p1912019.png,1
p1912026.png,1
P1912027.png,1
p1912028.png,1
p1912031.png,1
P1912034.png,1
P1912036.png,1
p1912038.png,1
P1912039.png,1
P1912040.png,1
P1912049.png,1
P1912054.png,1
p1913010.png,1
p1913016.png,1
p1913017.png,1
p1913023.png,1
P1913027.png,1
p1913028.png,1
p1913030.png,1
P1913036.png,1
P1913048.png,1
P1913049.png,1
P1913054.png,1
P1913055.png,1
p1958013.png,1
p1958016.png,1
p1958026.png,1
P1958042.png,1
P1958053.png,1
P1958054.png,1
P1958055.png,1
p1959008.png,1
p1959009.png,1
p1959012.png,1
p1959013.png,1
p1959014.png,1
p1959015.png,1
p1959026.png,1
p1959027.png,1
P1959035.png,1
P1959044.png,1
P1959048.png,1
P1959049.png,1
P1959050.png,1
P1959053.png,1
P1959054.png,1
P1959055.png,1
p1962008.png,1
p1962009.png,1
p1962014.png,1
p1962015.png,1
p1962018.png,1
p1962021.png,1
P1962026.png,1
P1962039.png,1
P1962040.png,1
P1962044.png,1
P1962046.png,1
P1962053.png,1
p2005010.png,1
p2005016.png,1
p2005018.png,1
p2005019.png,1
p2005023.png,1
p2005028.png,1
P2005032.png,1
P2005036.png,1
P2005042.png,1
P2005045.png,1
P2005054.png,1
P2005055.png,1
p2017008.png,1
p2017010.png,1
p2017013.png,1
p2017015.png,1
p2017017.png,1
p2017019.png,1
p2017020.png,1
p2017022.png,1
P2017027.png,1
P2017034.png,1
P2017036.png,1
P2017046.png,1
P2017048.png,1
P2017049.png,1
P2017053.png,1
P2017055.png,1
p2053009.png,1
p2053010.png,1
p2053015.png,1
p2053022.png,1
p2053024.png,1
p2053028.png,1
p2053029.png,1
P2053036.png,1
P2053041.png,1
P2053043.png,1
P2053046.png,1
P2053048.png,1
P2053053.png,1
P2053055.png,1
p2087008.png,1
p2087012.png,1
p2087013.png,1
p2087022.png,1
p2087023.png,1
p2087025.png,1
P2087028.png,1
p2087034.png,1
P2087037.png,1
P2087042.png,1
P2087048.png,1
P2087049.png,1
P2087054.png,1
P2087055.png,1
p2122008.png,1
p2122013.png,1
p2122015.png,1
p2122020.png,1
p2122022.png,1
p2122026.png,1
P2122047.png,1
P2122048.png,1
P2122050.png,1
P2122053.png,1
P2122054.png,1
p2141008.png,1
p2141009.png,1
p2141013.png,1
p2141015.png,1
p2141020.png,1
p2141021.png,1
P2141044.png,1
P2141048.png,1
P2141049.png,1
P2141053.png,1
P2141054.png,1
P2141055.png,1
p2219008.png,1
p2219009.png,1
p2219013.png,1
p2219014.png,1
p2219015.png,1
p2219018.png,1
p2219020.png,1
p2219027.png,1
P2219036.png,1
P2219043.png,1
P2219046.png,1
P2219048.png,1
P2219049.png,1
P2219050.png,1
P2219053.png,1
P2219055.png,1
p2244015.png,1
p2244019.png,1
p2244022.png,1
P2244027.png,1
p2244028.png,1
P2244036.png,1
P2244047.png,1
P2244054.png,1
p2261021.png,1
p2261024.png,1
p2261030.png,1
P2261038.png,1
P2261042.png,1
P2261053.png,1
p2318013.png,1
p2318014.png,1
p2318015.png,1
p2318019.png,1
p2318025.png,1
P2318027.png,1
p2318028.png,1
P2318048.png,1
P2318049.png,1
P2318053.png,1
P2318054.png,1
P2318055.png,1
p2344016.png,1
P2344019.png,1
p2344021.png,1
P2344024.png,1
p2344025.png,1
p2344028.png,1
p2344030.png,1
P2344033.png,1
p2344034.png,1
P2344042.png,1
p2361008.png,1
p2361009.png,1
p2361013.png,1
p2361014.png,1
p2361015.png,1
p2361020.png,1
p2361027.png,1
P2361028.png,1
P2361035.png,1
P2361047.png,1
P2361048.png,1
P2361049.png,1
P2361053.png,1
P2361054.png,1
p2367009.png,1
p2367010.png,1
p2367014.png,1
p2367016.png,1
p2367019.png,1
p2367020.png,1
p2367023.png,1
p2367028.png,1
P2367032.png,1
P2367033.png,1
P2367035.png,1
P2367036.png,1
P2367042.png,1
P2367047.png,1
P2367053.png,1
P2367054.png,1
p2420008.png,1
p2420009.png,1
p2420011.png,1
p2420013.png,1
p2420014.png,1
p2420015.png,1
p2420020.png,1
p2420026.png,1
P2420036.png,1
P2420048.png,1
P2420049.png,1
P2420050.png,1
P2420051.png,1
P2420053.png,1
P2420054.png,1
P2420055.png,1
p2460020.png,1
p2460024.png,1
p2460025.png,1
p2460027.png,1
p2460031.png,1
p2460034.png,1
P2460035.png,1
P2460037.png,1
p2460038.png,1
P2460040.png,1
P2460042.png,1
P2460046.png,1
P2460050.png,1
p2519009.png,1
p2519012.png,1
p2519013.png,1
p2519015.png,1
p2519016.png,1
p2519019.png,1
p2519022.png,1
P2519036.png,1
P2519038.png,1
P2519047.png,1
P2519048.png,1
P2519049.png,1
P2519050.png,1
P2519053.png,1
p2563008.png,1
p2563009.png,1
p2563010.png,1
p2563011.png,1
p2563013.png,1
p2563014.png,1
p2563015.png,1
p2563028.png,1
P2563036.png,1
P2563043.png,1
P2563048.png,1
P2563049.png,1
P2563050.png,1
P2563053.png,1
P2563054.png,1
P2563055.png,1
p2576008.png,1
p2576009.png,1
p2576013.png,1
p2576014.png,1
p2576015.png,1
p2576027.png,1
P2576048.png,1
P2576049.png,1
P2576050.png,1
P2576053.png,1
P2576054.png,1
P2576055.png,1
p2602008.png,1
p2602009.png,1
p2602012.png,1
p2602013.png,1
p2602014.png,1
p2602015.png,1
p2602018.png,1
p2602027.png,1
P2602034.png,1
P2602035.png,1
P2602048.png,1
P2602049.png,1
P2602052.png,1
P2602053.png,1
P2602054.png,1
P2602055.png,1
p2605008.png,1
p2605009.png,1
p2605010.png,1
p2605011.png,1
p2605013.png,1
p2605014.png,1
p2605015.png,1
p2605028.png,1
P2605036.png,1
P2605043.png,1
P2605048.png,1
P2605049.png,1
P2605050.png,1
P2605053.png,1
P2605054.png,1
P2605055.png,1
p2618014.png,1
p2618016.png,1
p2618023.png,1
P2618024.png,1
P2618029.png,1
P2618033.png,1
P2618047.png,1
P2618053.png,1
p2727008.png,1
p2727009.png,1
p2727012.png,1
p2727013.png,1
p2727015.png,1
p2727022.png,1
p2727026.png,1
P2727034.png,1
P2727037.png,1
P2727043.png,1
P2727046.png,1
P2727048.png,1
P2727052.png,1
P2727055.png,1
p2730009.png,1
p2730013.png,1
p2730014.png,1
p2730015.png,1
p2730018.png,1
p2730024.png,1
P2730032.png,1
P2730035.png,1
P2730046.png,1
P2730053.png,1
P2730055.png,1
p2779008.png,1
p2779009.png,1
p2779012.png,1
p2779013.png,1
p2779014.png,1
p2779015.png,1
p2779018.png,1
p2779027.png,1
P2779034.png,1
P2779035.png,1
P2779048.png,1
P2779049.png,1
P2779052.png,1
P2779053.png,1
P2779054.png,1
P2779055.png,1
p2837013.png,1
p2837014.png,1
p2837015.png,1
p2837016.png,1
P2837017.png,1
p2837018.png,1
p2837020.png,1
P2837035.png,1
P2837037.png,1
P2837049.png,1
P2837053.png,1
P2837054.png,1
P2837055.png,1
p2891009.png,1
p2891013.png,1
p2891015.png,1
p2891016.png,1
p2891020.png,1
p2891026.png,1
P2891028.png,1
P2891030.png,1
P2891039.png,1
P2891042.png,1
P2891048.png,1
P2891049.png,1
P2891054.png,1
p3002008.png,1
p3002009.png,1
p3002013.png,1
p3002014.png,1
p3002015.png,1
p3002019.png,1
p3002026.png,1
P3002034.png,1
P3002035.png,1
P3002048.png,1
P3002049.png,1
P3002053.png,1
P3002054.png,1
P3002055.png,1
p3061008.png,1
p3061009.png,1
p3061011.png,1
p3061013.png,1
p3061014.png,1
p3061015.png,1
p3061020.png,1
p3061026.png,1
P3061034.png,1
P3061035.png,1
P3061040.png,1
P3061042.png,1
P3061045.png,1
P3061052.png,1
P3061054.png,1
P3061055.png,1
p3068017.png,1
p3068020.png,1
P3068034.png,1
P3068044.png,1
p3074009.png,1
p3074013.png,1
p3074014.png,1
p3074015.png,1
p3074016.png,1
p3074020.png,1
p3074027.png,1
P3074035.png,1
P3074044.png,1
P3074048.png,1
P3074049.png,1
P3074053.png,1
P3074054.png,1
P3074055.png,1
p3092013.png,1
p3092014.png,1
p3092016.png,1
p3092020.png,1
p3092023.png,1
P3092040.png,1
P3092044.png,1
P3092053.png,1
P3092054.png,1
P3092055.png,1
p3131009.png,1
p3131010.png,1
p3131013.png,1
p3131014.png,1
p3131015.png,1
p3131024.png,1
P3131034.png,1
P3131041.png,1
P3131046.png,1
P3131048.png,1
P3131053.png,1
P3131055.png,1
p3172013.png,1
P3172021.png,1
p3172024.png,1
p3172026.png,1
p3172027.png,1
P3172028.png,1
P3172032.png,1
P3172034.png,1
p3172047.png,1
P3172050.png,1
P3172055.png,1
p3174013.png,1
p3174014.png,1
p3174015.png,1
p3174019.png,1
p3174024.png,1
p3174028.png,1
P3174036.png,1
P3174042.png,1
P3174049.png,1
P3174053.png,1
P3174054.png,1
P3174055.png,1
p3208010.png,1
p3208015.png,1
P3208016.png,1
P3208053.png,1
p3224009.png,1
p3224012.png,1
p3224013.png,1
p3224014.png,1
p3224015.png,1
p3224016.png,1
p3224019.png,1
P3224036.png,1
P3224045.png,1
P3224048.png,1
P3224049.png,1
P3224050.png,1
P3224054.png,1
P3224055.png,1
p3246009.png,1
p3246012.png,1
p3246013.png,1
p3246016.png,1
p3246019.png,1
p3246022.png,1
p3246031.png,1
P3246036.png,1
P3246039.png,1
P3246045.png,1
P3246048.png,1
P3246049.png,1
P3246050.png,1
P3246054.png,1
p3251020.png,1
p3251040.png,1
p3253013.png,1
p3253016.png,1
p3253022.png,1
p3253023.png,1
p3253027.png,1
p3253028.png,1
p3253034.png,1
P3253038.png,1
P3253040.png,1
P3253047.png,1
P3253050.png,1
P3253053.png,1
p3349013.png,1
p3349014.png,1
p3349015.png,1
p3349016.png,1
p3349025.png,1
P3349028.png,1
p3349034.png,1
P3349037.png,1
P3349040.png,1
P3349047.png,1
P3349049.png,1
P3349054.png,1
p3374008.png,1
p3374009.png,1
p3374012.png,1
p3374013.png,1
p3374015.png,1
p3374022.png,1
P3374027.png,1
P3374035.png,1
P3374048.png,1
P3374053.png,1
P3374054.png,1
P3374055.png,1
p3426013.png,1
p3426014.png,1
p3426018.png,1
P3426050.png,1
p3465008.png,1
p3465013.png,1
p3465014.png,1
p3465020.png,1
p3465023.png,1
P3465033.png,1
P3465036.png,1
P3465040.png,1
P3465046.png,1
P3465053.png,1
P3465055.png,1
p3495008.png,1
p3495014.png,1
p3495017.png,1
p3495020.png,1
p3495023.png,1
p3495027.png,1
P3495028.png,1
p3495029.png,1
P3495035.png,1
P3495044.png,1
P3495048.png,1
P3495049.png,1
P3495053.png,1
P3495055.png,1
p3498009.png,1
p3498013.png,1
p3498015.png,1
p3498022.png,1
p3498026.png,1
P3498027.png,1
p3498028.png,1
P3498030.png,1
P3498031.png,1
p3498032.png,1
P3498034.png,1
P3498036.png,1
P3498040.png,1
P3498049.png,1
p3554008.png,1
p3554014.png,1
p3554023.png,1
p3554026.png,1
P3554040.png,1
P3554047.png,1
P3554049.png,1
p3573008.png,1
p3573011.png,1
p3573013.png,1
p3573017.png,1
P3573019.png,1
p3573020.png,1
p3573026.png,1
p3573029.png,1
p3573031.png,1
P3573034.png,1
P3573039.png,1
P3573041.png,1
P3573044.png,1
P3573046.png,1
P3573048.png,1
P3573053.png,1
p3667013.png,1
p3667017.png,1
p3667020.png,1
p3667024.png,1
P3667025.png,1
p3667030.png,1
p3667031.png,1
P3667032.png,1
P3667045.png,1
P3667046.png,1
P3667055.png,1
p3732009.png,1
p3732018.png,1
p3732022.png,1
p3732024.png,1
P3732033.png,1
P3732038.png,1
P3732040.png,1
P3732047.png,1
P3732053.png,1
p3739021.png,1
p3739028.png,1
p3739031.png,1
P3739039.png,1
P3739045.png,1
p3766008.png,1
p3766009.png,1
p3766012.png,1
p3766013.png,1
p3766014.png,1
p3766015.png,1
p3766019.png,1
p3766026.png,1
P3766036.png,1
P3766048.png,1
P3766049.png,1
P3766050.png,1
P3766051.png,1
P3766053.png,1
P3766054.png,1
P3766055.png,1
p3777008.png,1
p3777009.png,1
p3777010.png,1
p3777011.png,1
p3777012.png,1
p3777013.png,1
p3777015.png,1
p3777022.png,1
P3777034.png,1
P3777035.png,1
P3777045.png,1
P3777048.png,1
P3777049.png,1
P3777052.png,1
P3777054.png,1
P3777055.png,1
p3806015.png,1
p3806030.png,1
p3806037.png,1
P3806047.png,1
p3818008.png,1
p3818009.png,1
p3818013.png,1
p3818014.png,1
p3818015.png,1
P3818024.png,1
p3818027.png,1
p3818034.png,1
P3818035.png,1
P3818042.png,1
P3818044.png,1
P3818053.png,1
P3818054.png,1
P3818055.png,1
p3820013.png,1
p3820014.png,1
p3820015.png,1
p3820016.png,1
p3820027.png,1
P3820041.png,1
P3820048.png,1
P3820053.png,1
P3820054.png,1
P3820055.png,1
p3889010.png,1
p3889015.png,1
P3889018.png,1
p3889019.png,1
P3889025.png,1
P3889047.png,1
P3889053.png,1
P3889054.png,1
p3899008.png,1
p3899009.png,1
p3899013.png,1
p3899014.png,1
p3899015.png,1
p3899020.png,1
p3899027.png,1
P3899028.png,1
P3899037.png,1
P3899048.png,1
P3899049.png,1
P3899050.png,1
P3899054.png,1
P3899055.png,1
p3925008.png,1
p3925013.png,1
p3925014.png,1
p3925017.png,1
p3925020.png,1
p3925023.png,1
P3925035.png,1
P3925040.png,1
P3925045.png,1
P3925047.png,1
P3925049.png,1
P3925054.png,1
p3938015.png,1
p3938022.png,1
p3938024.png,1
P3938039.png,1
P3938041.png,1
P3938045.png,1
p3941048.png,1
p3948008.png,1
p3948009.png,1
p3948010.png,1
p3948011.png,1
p3948013.png,1
p3948014.png,1
p3948015.png,1
p3948028.png,1
P3948036.png,1
P3948048.png,1
P3948049.png,1
P3948050.png,1
P3948051.png,1
P3948053.png,1
P3948054.png,1
P3948055.png,1
p3949009.png,1
p3949016.png,1
p3949021.png,1
p3949022.png,1
p3949023.png,1
p3949025.png,1
p3949028.png,1
P3949041.png,1
P3949042.png,1
P3949045.png,1
P3949047.png,1
P3949048.png,1
P3949054.png,1
p3967008.png,1
p3967009.png,1
p3967013.png,1
p3967014.png,1
p3967015.png,1
p3967020.png,1
P3967035.png,1
P3967036.png,1
P3967048.png,1
P3967053.png,1
P3967054.png,1
P3967055.png,1
p4030009.png,1
p4030010.png,1
p4030013.png,1
p4030014.png,1
p4030016.png,1
p4030023.png,1
p4030027.png,1
P4030035.png,1
P4030044.png,1
P4030048.png,1
P4030049.png,1
P4030053.png,1
P4030054.png,1
P4030055.png,1
p4052019.png,1
p4052022.png,1
p4052023.png,1
P4052024.png,1
P4052039.png,1
p4092013.png,1
p4092022.png,1
p4092023.png,1
p4092025.png,1
p4092028.png,1
P4092033.png,1
p4092034.png,1
P4092036.png,1
P4092042.png,1
P4092047.png,1
P4092053.png,1
P4092054.png,1
p4108008.png,1
p4108013.png,1
p4108014.png,1
p4108015.png,1
p4108017.png,1
p4108027.png,1
P4108029.png,1
P4108035.png,1
P4108048.png,1
P4108049.png,1
P4108054.png,1
P4108055.png,1
p4156013.png,1
p4156014.png,1
p4156015.png,1
p4156024.png,1
p4156027.png,1
P4156040.png,1
P4156044.png,1
P4156053.png,1
P4156054.png,1
P4156055.png,1
p4209014.png,1
P4209016.png,1
P4209042.png,1
p4209045.png,1
P4209047.png,1
P4209049.png,1
p4234008.png,1
p4234013.png,1
p4234014.png,1
p4234015.png,1
p4234019.png,1
p4234026.png,1
p4234028.png,1
P4234034.png,1
P4234036.png,1
P4234040.png,1
P4234043.png,1
P4234053.png,1
P4234054.png,1
P4234055.png,1
p4279008.png,1
p4279009.png,1
p4279013.png,1
p4279014.png,1
p4279023.png,1
p4279027.png,1
P4279042.png,1
P4279044.png,1
P4279048.png,1
P4279053.png,1
P4279054.png,1
P4279055.png,1
p4288012.png,1
p4288013.png,1
p4288015.png,1
p4288019.png,1
p4288022.png,1
P4288027.png,1
p4288034.png,1
P4288037.png,1
P4288041.png,1
P4288046.png,1
P4288048.png,1
P4288052.png,1
P4288055.png,1
p4296008.png,1
p4296009.png,1
p4296023.png,1
P4296024.png,1
p4296026.png,1
p4296028.png,1
p4296029.png,1
P4296042.png,1
P4296043.png,1
P4296046.png,1
P4296049.png,1
P4296055.png,1
p4314013.png,1
p4314014.png,1
p4314015.png,1
p4314018.png,1
p4314024.png,1
P4314026.png,1
p4314027.png,1
P4314035.png,1
P4314041.png,1
P4314044.png,1
P4314046.png,1
P4314055.png,1
p4323013.png,1
p4323020.png,1
p4323024.png,1
P4323030.png,1
P4323032.png,1
p4323034.png,1
p4323041.png,1
P4323042.png,1
P4323046.png,1
P4323049.png,1
p4360008.png,1
p4360009.png,1
p4360010.png,1
p4360011.png,1
p4360013.png,1
p4360014.png,1
p4360015.png,1
p4360028.png,1
P4360034.png,1
P4360046.png,1
P4360048.png,1
P4360049.png,1
P4360051.png,1
P4360052.png,1
P4360053.png,1
P4360055.png,1
p4384009.png,1
p4384015.png,1
p4384018.png,1
p4384022.png,1
p4384024.png,1
p4384027.png,1
p4384029.png,1
P4384035.png,1
P4384040.png,1
P4384044.png,1
P4384047.png,1
P4384049.png,1
P4384053.png,1
P4384054.png,1
p4458008.png,1
p4458009.png,1
p4458018.png,1
p4458022.png,1
p4458023.png,1
P4458024.png,1
P4458033.png,1
P4458053.png,1
P4458054.png,1
P4458055.png,1
p4469008.png,1
p4469009.png,1
p4469010.png,1
p4469015.png,1
p4469019.png,1
p4469022.png,1
P4469028.png,1
p4469029.png,1
P4469034.png,1
P4469041.png,1
P4469046.png,1
P4469048.png,1
P4469052.png,1
P4469053.png,1
P4469055.png,1
p4512008.png,1
p4512013.png,1
p4512014.png,1
p4512015.png,1
p4512017.png,1
p4512018.png,1
p4512020.png,1
p4512027.png,1
P4512034.png,1
P4512035.png,1
P4512041.png,1
P4512044.png,1
P4512048.png,1
P4512053.png,1
P4512054.png,1
P4512055.png,1
p4604020.png,1
p4604029.png,1
p4604030.png,1
p4604031.png,1
P4604045.png,1
P4604047.png,1
P4604053.png,1
p4802010.png,1
p4802017.png,1
P4802027.png,1
P4802032.png,1
P4802034.png,1
p4809009.png,1
p4809013.png,1
p4809014.png,1
p4809016.png,1
p4809023.png,1
p4809027.png,1
P4809032.png,1
P4809033.png,1
P4809042.png,1
P4809046.png,1
P4809047.png,1
P4809053.png,1
p4835008.png,1
p4835009.png,1
p4835013.png,1
p4835014.png,1
p4835015.png,1
p4835020.png,1
p4835027.png,1
P4835034.png,1
P4835046.png,1
P4835048.png,1
P4835049.png,1
P4835052.png,1
P4835053.png,1
P4835055.png,1
p4854008.png,1
p4854010.png,1
p4854014.png,1
p4854015.png,1
p4854018.png,1
p4854019.png,1
P4854036.png,1
P4854048.png,1
P4854049.png,1
P4854050.png,1
P4854053.png,1
P4854054.png,1
P4854055.png,1
q0024003.png,1
Q0024016.png,1
q0026010.png,1
Q0026060.png,1
Q0060020.png,1
q0060037.png,1
q0081003.png,1
Q0081059.png,1
q0132003.png,1
Q0132059.png,1
q0192000.png,1
Q0192060.png,1
q0195031.png,1
Q0195041.png,1
q0206011.png,1
Q0206053.png,1
q0231011.png,1
Q0231057.png,1
q0292012.png,1
Q0292052.png,1
q0317003.png,1
Q0317052.png,1
q0406010.png,1
Q0406050.png,1
Q0442010.png,1
q0476017.png,1
Q0476041.png,1
q0791011.png,1
Q0791050.png,1
q0884004.png,1
Q0884020.png,1
Q0916028.png,1
q0942011.png,1
Q0942044.png,1
q0993035.png,1
Q0993052.png,1
q1131009.png,1
Q1131041.png,1
q1149020.png,1
Q1149036.png,1
q1199003.png,1
Q1199059.png,1
q1248003.png,1
Q1248059.png,1
q1285003.png,1
Q1285059.png,1
q1340003.png,1
Q1340059.png,1
Q1556006.png,1
q1617003.png,1
Q1617059.png,1
q1624037.png,1
q1712009.png,1
Q1712030.png,1
q1734023.png,1
Q1734037.png,1
q1792011.png,1
Q1792059.png,1
q1805012.png,1
Q1805041.png,1
q1878018.png,1
Q1878038.png,1
q1898025.png,1
Q1898035.png,1
q1912012.png,1
Q1912059.png,1
Q1958005.png,1
q1958029.png,1
q1959003.png,1
Q1959059.png,1
q2017004.png,1
Q2017041.png,1
q2053002.png,1
Q2053059.png,1
q2141026.png,1
Q2141050.png,1
q2219003.png,1
Q2219059.png,1
Q2244017.png,1
q2244039.png,1
q2318003.png,1
Q2318043.png,1
q2361003.png,1
Q2361059.png,1
q2367003.png,1
Q2367059.png,1
q2420003.png,1
Q2420059.png,1
q2519003.png,1
Q2519059.png,1
q2563012.png,1
Q2563059.png,1
q2576012.png,1
Q2576059.png,1
q2602003.png,1
Q2602059.png,1
q2605003.png,1
Q2605059.png,1
q2727010.png,1
Q2727058.png,1
q2730003.png,1
Q2730059.png,1
q2779003.png,1
Q2779059.png,1
q2837003.png,1
Q2837059.png,1
q3002003.png,1
Q3002059.png,1
q3061003.png,1
Q3061059.png,1
q3074003.png,1
Q3074059.png,1
q3131003.png,1
Q3131059.png,1
q3174017.png,1
Q3174043.png,1
q3224003.png,1
Q3224059.png,1
q3246003.png,1
Q3246051.png,1
q3253018.png,1
Q3253045.png,1
q3374040.png,1
Q3374059.png,1
q3495012.png,1
Q3495041.png,1
q3498010.png,1
Q3498038.png,1
q3573005.png,1
Q3573059.png,1
Q3667050.png,1
q3766003.png,1
Q3766059.png,1
q3777003.png,1
Q3777059.png,1
q3806026.png,1
q3818016.png,1
Q3818051.png,1
q3820003.png,1
Q3820059.png,1
q3889022.png,1
Q3889042.png,1
q3899003.png,1
Q3899059.png,1
q3925002.png,1
Q3925037.png,1
q3948003.png,1
Q3948059.png,1
q3967003.png,1
Q3967051.png,1
q4030003.png,1
Q4030041.png,1
q4092008.png,1
q4108011.png,1
Q4108043.png,1
q4234003.png,1
Q4234059.png,1
q4279026.png,1
Q4279059.png,1
q4288016.png,1
Q4288050.png,1
q4296003.png,1
Q4296059.png,1
q4314020.png,1
Q4314050.png,1
q4360003.png,1
Q4360059.png,1
q4384019.png,1
Q4384043.png,1
Q4458034.png,1
q4458045.png,1
q4469003.png,1
Q4469059.png,1
q4512012.png,1
Q4512050.png,1
q4809010.png,1
Q4809043.png,1
q4835003.png,1
Q4835059.png,1
q4854004.png,1
Q4854059.png,1
r0026000.png,1
r0026007.png,1
R0026059.png,1
R0026063.png,1
r0039002.png,1
R0039059.png,1
R0039063.png,1
r0060003.png,1
r0060007.png,1
R0060059.png,1
R0060062.png,1
r0081000.png,1
r0081004.png,1
R0081056.png,1
R0081061.png,1
r0132000.png,1
r0132005.png,1
R0132058.png,1
R0132060.png,1
R0192011.png,1
r0192042.png,1
r0195000.png,1
r0195005.png,1
R0195044.png,1
R0195059.png,1
r0206000.png,1
r0206004.png,1
R0206056.png,1
R0206060.png,1
r0231016.png,1
r0231048.png,1
R0231050.png,1
R0231061.png,1
r0280022.png,1
R0280033.png,1
r0292002.png,1
r0292003.png,1
R0292058.png,1
R0292059.png,1
r0317001.png,1
r0317004.png,1
R0317040.png,1
R0317057.png,1
R0347015.png,1
r0347038.png,1
r0406003.png,1
r0406005.png,1
R0406015.png,1
R0406059.png,1
r0442004.png,1
r0476000.png,1
r0476007.png,1
R0476056.png,1
R0476063.png,1
r0530000.png,1
r0530003.png,1
R0530056.png,1
R0530060.png,1
r0546007.png,1
R0546050.png,1
R0602009.png,1
r0602021.png,1
r0763000.png,1
r0763003.png,1
R0763056.png,1
R0763060.png,1
r0791012.png,1
R0791056.png,1
r0871029.png,1
r0871032.png,1
R0871059.png,1
R0871060.png,1
r0916059.png,1
r0942002.png,1
r0942005.png,1
R0942056.png,1
R0942058.png,1
R0954000.png,1
r0975003.png,1
r0975011.png,1
R0975035.png,1
R0975059.png,1
r0993000.png,1
r0993004.png,1
R0993056.png,1
R0993061.png,1
r1131000.png,1
R1131056.png,1
r1149005.png,1
r1149011.png,1
R1149051.png,1
R1149058.png,1
r1199000.png,1
r1199007.png,1
R1199056.png,1
R1199061.png,1
r1248000.png,1
r1248004.png,1
R1248058.png,1
R1248061.png,1
r1285000.png,1
r1285007.png,1
R1285056.png,1
R1285061.png,1
r1340000.png,1
r1340007.png,1
R1340056.png,1
R1340061.png,1
r1376052.png,1
r1406049.png,1
R1406058.png,1
r1493004.png,1
R1493056.png,1
r1515003.png,1
R1515014.png,1
r1556044.png,1
r1617000.png,1
r1617007.png,1
R1617056.png,1
R1617063.png,1
r1624005.png,1
R1624058.png,1
R1649026.png,1
r1649033.png,1
r1712003.png,1
r1712019.png,1
R1712035.png,1
R1712051.png,1
r1734004.png,1
R1734030.png,1
r1792000.png,1
r1792005.png,1
R1792058.png,1
R1792061.png,1
r1797018.png,1
R1797027.png,1
r1805005.png,1
r1805009.png,1
R1805058.png,1
R1805061.png,1
r1865001.png,1
R1865026.png,1
r1878003.png,1
r1878007.png,1
R1878056.png,1
R1878061.png,1
r1898003.png,1
R1898019.png,1
R1898059.png,1
r1912000.png,1
R1912056.png,1
r1958000.png,1
r1958020.png,1
R1958057.png,1
R1958059.png,1
r1959000.png,1
r1959007.png,1
R1959056.png,1
R1959063.png,1
r1962004.png,1
r1962011.png,1
R1962049.png,1
R1962057.png,1
r2005000.png,1
r2005007.png,1
R2005057.png,1
R2005060.png,1
r2017000.png,1
r2017005.png,1
R2017056.png,1
R2017061.png,1
r2053000.png,1
r2053005.png,1
R2053058.png,1
R2053061.png,1
r2087000.png,1
r2087027.png,1
R2087052.png,1
R2087059.png,1
r2122002.png,1
r2122005.png,1
R2122042.png,1
R2122059.png,1
r2141002.png,1
r2141007.png,1
R2141058.png,1
R2141063.png,1
r2219000.png,1
r2219007.png,1
R2219056.png,1
R2219061.png,1
r2244005.png,1
R2244037.png,1
R2244040.png,1
R2261029.png,1
r2261057.png,1
r2318001.png,1
r2318005.png,1
R2318056.png,1
R2318059.png,1
r2361002.png,1
r2361005.png,1
R2361056.png,1
R2361060.png,1
r2367000.png,1
r2367005.png,1
R2367044.png,1
R2367048.png,1
r2420000.png,1
r2420007.png,1
R2420056.png,1
R2420063.png,1
r2460017.png,1
R2460060.png,1
r2519000.png,1
r2519005.png,1
R2519056.png,1
R2519063.png,1
r2563000.png,1
r2563007.png,1
R2563056.png,1
R2563061.png,1
r2576000.png,1
r2576007.png,1
R2576056.png,1
R2576061.png,1
r2602000.png,1
r2602007.png,1
R2602056.png,1
R2602063.png,1
r2605000.png,1
r2605007.png,1
R2605056.png,1
R2605063.png,1
R2618001.png,1
r2618018.png,1
r2727000.png,1
r2727005.png,1
R2727056.png,1
R2727061.png,1
r2730000.png,1
r2730005.png,1
R2730056.png,1
R2730061.png,1
r2779000.png,1
r2779007.png,1
R2779056.png,1
R2779063.png,1
r2837000.png,1
r2837005.png,1
R2837056.png,1
R2837060.png,1
r2891007.png,1
r2891027.png,1
R2891060.png,1
R2891063.png,1
r3002000.png,1
r3002007.png,1
R3002056.png,1
R3002063.png,1
r3061000.png,1
r3061007.png,1
R3061056.png,1
R3061063.png,1
R3068030.png,1
r3068048.png,1
r3074000.png,1
r3074007.png,1
R3074056.png,1
R3074063.png,1
r3131000.png,1
r3131005.png,1
R3131056.png,1
R3131061.png,1
r3172001.png,1
R3172038.png,1
r3174002.png,1
r3174005.png,1
R3174048.png,1
R3174056.png,1
r3224000.png,1
r3224007.png,1
R3224056.png,1
R3224063.png,1
r3246005.png,1
r3246034.png,1
R3246059.png,1
R3246063.png,1
R3251008.png,1
R3251024.png,1
r3251041.png,1
r3251045.png,1
r3253049.png,1
R3253059.png,1
r3349005.png,1
r3349043.png,1
R3349056.png,1
R3349060.png,1
r3374000.png,1
r3374005.png,1
R3374057.png,1
R3374063.png,1
R3426000.png,1
r3426034.png,1
r3465002.png,1
r3465005.png,1
R3465056.png,1
R3465060.png,1
r3495000.png,1
r3495005.png,1
R3495050.png,1
R3495061.png,1
r3498005.png,1
r3498041.png,1
R3498055.png,1
R3498059.png,1
R3554018.png,1
R3554060.png,1
r3573003.png,1
r3573007.png,1
R3573058.png,1
R3573061.png,1
r3667027.png,1
r3732002.png,1
R3732015.png,1
R3739000.png,1
r3739019.png,1
r3766000.png,1
r3766007.png,1
R3766056.png,1
R3766063.png,1
r3777000.png,1
r3777007.png,1
R3777056.png,1
R3777063.png,1
R3806041.png,1
R3806043.png,1
r3818000.png,1
r3818004.png,1
R3818056.png,1
R3818061.png,1
r3820002.png,1
r3820005.png,1
R3820056.png,1
R3820061.png,1
r3889000.png,1
r3889005.png,1
R3889057.png,1
r3899000.png,1
r3899007.png,1
R3899056.png,1
R3899063.png,1
r3925011.png,1
r3925018.png,1
R3925051.png,1
R3925060.png,1
R3941032.png,1
r3941063.png,1
r3948000.png,1
r3948007.png,1
R3948056.png,1
R3948061.png,1
r3949002.png,1
r3949010.png,1
R3949027.png,1
R3949059.png,1
r3967000.png,1
r3967007.png,1
R3967056.png,1
R3967063.png,1
r4030007.png,1
r4030008.png,1
R4030056.png,1
R4030063.png,1
r4052016.png,1
R4052056.png,1
R4092044.png,1
R4092051.png,1
r4108000.png,1
r4108058.png,1
R4108061.png,1
r4156000.png,1
r4156007.png,1
R4156042.png,1
R4156063.png,1
R4209004.png,1
r4209055.png,1
r4234000.png,1
r4234005.png,1
R4234009.png,1
R4234061.png,1
r4279000.png,1
r4279007.png,1
R4279058.png,1
R4279063.png,1
r4288000.png,1
r4288001.png,1
R4288057.png,1
R4288059.png,1
r4296001.png,1
r4296005.png,1
R4296056.png,1
R4296061.png,1
r4314001.png,1
r4314004.png,1
R4314056.png,1
R4314060.png,1
r4360000.png,1
r4360007.png,1
R4360056.png,1
R4360063.png,1
r4384000.png,1
r4384005.png,1
R4384059.png,1
R4384060.png,1
r4458000.png,1
r4458003.png,1
R4458059.png,1
r4469000.png,1
r4469005.png,1
R4469056.png,1
R4469061.png,1
r4512003.png,1
r4512005.png,1
R4512059.png,1
R4512061.png,1
R4802018.png,1
r4802059.png,1
r4809004.png,1
r4809020.png,1
R4809044.png,1
R4809059.png,1
r4835000.png,1
r4835007.png,1
R4835056.png,1
R4835063.png,1
r4854000.png,1
r4854005.png,1
R4854056.png,1
R4854061.png,1
